{"posts":{"31":{"id":0,"title":"Xcode使用svn","date":"2011-07-07T06:24:00.000Z","updated":"2013-07-04T03:02:19.000Z","categories":[],"tags":[7],"comments":true,"layout":"post","content":"<p>Mac OS 自带 SVN。如果不对 SVN 进行配置，即使在 Xcode 中配置了 SCM，在 Xcode 中使用 SVN 也会有问题。</p>\n<p>1 、打开 SVN 的配置文件  <code>～/.subversion/config</code>   注意：如果 <code>.subversion</code> 目录不存在，请运行 <code>subversion</code> 命令，虽然此命令会失败，但是会为你创建所需要的文件。  <a name=\"more\"></a>\n2 、找到 <code>global-ignores</code> 一行，去掉注释，编辑成\n<code>global-ignores = build *~.nib *.so *.pbxuser *.mode *.perspective*</code><br>3 、找到 <code>enable-auto-props = yes</code> 把注释去掉. 变成 <code>enable-auto-props = yes</code><br>4 、到文件结尾的<code>[auto-props]</code>节，加上下面的内容：  </p>\n<figure class=\"highlight\"><table><tr><td class=\"gutter\"><pre>1\n2\n3\n4\n5\n</pre></td><td class=\"code\"><pre>*.mode* = svn:mime-<span class=\"typedef\"><span class=\"keyword\">type</span>=text/<span class=\"type\">X</span>-xcode</span>\n*.pbxuser = svn:mime-<span class=\"typedef\"><span class=\"keyword\">type</span>=text/<span class=\"type\">X</span>-xcode</span>\n*.perspective* = svn:mime-<span class=\"typedef\"><span class=\"keyword\">type</span>=text/<span class=\"type\">X</span>-xcode</span>\n*.pbxproj = svn:mime-<span class=\"typedef\"><span class=\"keyword\">type</span>=text/<span class=\"type\">X</span>-xcode</span>\n\n</pre></td></tr></table></figure>","excerpt":226,"source":"_posts/2011-07-07-1309968000.md","slug":"1309968000","ctime":"2013-07-04T03:02:19.000Z","mtime":"2013-07-04T03:02:19.000Z"},"32":{"id":0,"title":"iOS Address Book API 结构图型","date":"2011-08-21T11:05:00.000Z","updated":"2013-07-04T02:24:12.000Z","categories":[],"tags":[8],"comments":true,"layout":"post","content":"<p>iOS Address Book API 结构图型.\n最近在搞通讯录，翻出来。</p>\n<!-- <img src=\"/path/to/image\" class=\"[class names]\" title=\"[width] [height] [title text [alt text]]\"> -->\n\n<img src=\"/images/address-api.jpg\" class=\"AddressBoook-API\" width=\"1078\" height=\"330\" title=\"ios AddressBoook 结构图型\">","excerpt":271,"source":"_posts/2011-08-21-1313856000.md","slug":"1313856000","ctime":"2013-07-04T02:24:12.000Z","mtime":"2013-07-04T02:24:12.000Z"},"33":{"id":0,"title":"iPhone上面编写具有root权限的程序","date":"2011-08-24T11:12:00.000Z","updated":"2013-07-04T02:24:08.000Z","categories":[],"tags":[8],"comments":true,"layout":"post","content":"<p>正常途径下，我们编写的程序发布在 AppStore 上，使用官方规定的 SDK。但有些时候，正常途径实现不了的功能，可以在破解的 iphone 上面实现。以 Cydia 上文件管理软件 iFile 为例，iFile 可以修改系统的任何文件，这需要 iFile 具有 root 权限，在 iphone 没有破解的情况之下，是无论如何都实现不了的。\n<a name=\"more\"></a></p>\n<p>对于 ios 系统，有两个目录会安装应用程序</p>\n<p>1、<code>/Application</code><br>2、<code>/var/mobile/Applications</code></p>\n<p><code>/var/mobile/Applications</code>下的应用程序会有很多限制，似乎系统会认为此目录下的程序一定会运行在沙盒中，不管怎么设置权限也无用。/Application 目录下的程序限制会小一些，要取得 root 权限，第一步就是要将程序安装在 /Application 目录下。</p>\n<p>幸好有 cydia。系统破解之后，绝大多数都会安装上 cydia。自己搭建 cydia 源，第三方软件也可以通过 cydia 来发布。搭建 cydia 源中有一步是将编译出的程序打包成 deb。打包的时候，可以指定最终安装后的目录结构。至于如何搭建 cydia 源，google 一下会有详细的教程，这里不多说，下面已假设可以将程序安装在 /Application 目录下。</p>\n<p>先简单复习一下 unix 的权限管理，iOS 系统其实是个小的 unix。unix 下面每个文件都有自己所属，和访问权限。比如用户 complex_ok 是组 mobile 的成员，他登录的时候创建了一个文件 A，默认下，A 就属于用户 complex_ok，组为 mobile. 另外文件 A 还可以指定自己的访问权限，分成用户，组，其它人三个级别，三个级别都可以指定自身的 是否可读，是否可写，是否可执行。比如 文件 A 属于用户 complex_ok，组为 mobile，它的访问权限指定为 用户可读可写可执行，组可读可写，其他人为只读。这个时候用户 complex_ok 登录的时候，可以执行文件 A，如果用户 HelloKitty，也属于组 mobile，HelloKitty 对文件 A 可以进行读写，但不可以执行，而其它非同组的人，就只读。</p>\n<p>当我们使用 iphone 的时候，我们实际上是以用户 mobile，组 mobile 的身份登录的. 当某文件属于 root 用户，权限设为组和其它人都只读，正常时候就不能修改这文件。幸好 unix 还可以为文件的访问权限指定 setuid 位，这个位很重要, 比如可执行程序 A，程序也是文件，程序 A 是属于 root 用户的. 假设用户 mobile 运行程序 A，如果没有为程序 A 设置 setuid 位，程序 A 是以用户 mobile 的权限运行。 如果指定了 setuid 位，就算用户是 mobile，并非 root，但因为程序 A 是属于 root 用户的，程序 A 也可以以 root 的权限运行。</p>\n<p>明白 setuid 位的作用，似乎取得运行 root 权限的程序就很简单了。比如我们也想编写自己的文件管理程序 aFile，使 aFile 也运行在 root 权限，我们就将 aFile 程序的修改成属于 root 用户，再将权限位设置成可执行，并有 setuid 位. 使用 cydia 将程序安装到 /Application，用户点击 iFile 的图标，这样 iFile 就以 root 权限运行了。</p>\n<p>想法是好的，但是这样还不行。当用户点击程序的图标时，是通过 iphone 系统调用程序的，iphone 系统会有一个安全检查，它会检查到程序将以 root 权限运行应用程序，就不会执行，你会看到程序闪一下，就被结束了。</p>\n<p>所以我们还需要一个间接层，编写一个引导程序 A，再通过 A 调用 B。首先将 A 的权限设置为其它人可读可执行，B 的所属设置为 root，权限设置为其它人可读可执行，并有 setuid 为. 当用户点击图标，iphone 系统调用程序 A，它判断出程序 A 并没有 root 权限，正常执行，程序 A 这时候去调用 B，因为 B 是 A 调用的，程序 A 是我们自己写的，并不做安全检查，这样 B 有 setuid 位之后，所属为 root，就可以以 root 执行了。</p>\n<p>那如何使 iphone 系统调用引导程序 A 而不是调用正常程序 B 呢? 很简单，改改名字就可以了。比如你建立的工程为 aFile，正常编译出一个 aFile.app 文件，右键，显示包内容，将里面的可执行文件 aFile，修改名字为 aFile_，再将你的引导程序改成 aFile，这样安装之后，点击图标系统就会自动调用你的引导程序。 引导程序的编写很简单，大体为：</p>\n<p><figure class=\"highlight\"><table><tr><td class=\"gutter\"><pre>1\n2\n3\n4\n5\n6\n7\n8\n9\n</pre></td><td class=\"code\"><pre>int main(int argc, char *argv[])\n{\n    NSAutoreleasePool * pool = <span class=\"string\">[[NSAutoreleasePool alloc] init];\n    NSString* string = [[NSBundle mainBundle] pathForResource:@\"aFile_\" ofType:nil];\n    argv[0] = (char*)[string UTF8String];\n    execve([string UTF8String], argv, NULL);\n    [pool release];\n    return 0;\n}\n</pre></td></tr></table></figure>\n取得 root 权限后，就可以做很多事情了，你的程序编写时候也要小心一点。在打包成 deb 时候，可以用脚本自动修改文件权限和所属. 权限修改的命令为 chmod，所属修改的命令为 chown。</p>\n<p>来源：<a href=\"http://o0o0o0o.iteye.com/blog/983311\"><a href=\"http://o0o0o0o.iteye.com/blog/983311\">http://o0o0o0o.iteye.com/blog/983311</a></a></p>\n","excerpt":176,"source":"_posts/2011-08-24-1314115200.md","slug":"1314115200","ctime":"2013-07-04T02:24:08.000Z","mtime":"2013-07-04T02:24:08.000Z"},"34":{"id":0,"title":"class dump","date":"2011-09-01T05:39:00.000Z","updated":"2013-07-04T02:24:07.000Z","categories":[],"tags":[8],"comments":true,"layout":"post","content":"<p>class dump 是一个命令行工具，用来监测存储在 Mach-O 二进制文件理的 Objective-C 运行时信息。它为类 (class)，分类 (category) 和协议 (protocol) 生成声明信息。这些信息与 otool -ov 命令提供的信息是一样的，但表示得更像正常的 Objective-C 的声明，所以它更紧凑，更易读。\n<a name=\"more\"></a></p>\n<p>为什么要使用 class-dump<br>对于好奇的人，是一个好工具。你可以看到闭源应用程序，框架 (framework) 和软件包 (bundle) 的设计。<br><a href=\"http://stevenygard.com/download/\"><a href=\"http://stevenygard.com/download/\">http://stevenygard.com/download/</a></a><br><a href=\"http://bitbucket.org/nygard/class-dump\"><a href=\"http://bitbucket.org/nygard/class-dump\">http://bitbucket.org/nygard/class-dump</a></a></p>\n<p>用法：<br>class-dump [options]<br>选项可以是  </p>\n<figure class=\"highlight\"><table><tr><td class=\"gutter\"><pre>1\n2\n3\n4\n5\n6\n7\n8\n9\n10\n11\n12\n13\n</pre></td><td class=\"code\"><pre>-a\t\t<span class=\"command\">\\\\</span> 显示实例变量偏移\n-A\t\t<span class=\"command\">\\\\</span> 显示实现地址\n–arch <span class=\"special\">&</span>lt;arch<span class=\"special\">&</span>gt;\t\t<span class=\"command\">\\\\</span> 选择一个指定的架构，如 ppc, ppc7400, ppc64, i386, x86_64\n-C <span class=\"special\">&</span>lt;regex<span class=\"special\">&</span>gt;\t\t<span class=\"command\">\\\\</span> 只显示同正则表达式匹配的类\n-f <span class=\"special\">&</span>lt;str<span class=\"special\">&</span>gt;\t\t<span class=\"command\">\\\\</span> 在方法名中查找字符串\n-H\t\t<span class=\"command\">\\\\</span> 在当前目录生成头文件，或者在用 -o 选项指定的目录生成\n-I\t\t<span class=\"command\">\\\\</span> 对类，目录，协议 按照继承关系 (inheritance) 进行排序 (覆盖 -s 选项)\n-o <span class=\"special\">&</span>lt;dir<span class=\"special\">&</span>gt;\t\t<span class=\"command\">\\\\</span> 为 -H 选项指定输出目录\n-r\t\t<span class=\"command\">\\\\</span> 递归扩展 framework，并修复 VM 共享库\n-s\t\t<span class=\"command\">\\\\</span> 按名称对 classes 和 categories 进行排序\n-S\t\t<span class=\"command\">\\\\</span> 按名称对方法 (method) 进行排序\n–list-arches\t\t<span class=\"command\">\\\\</span> 类出文件中的 arches, 然后退出\n–sdk-root\t\t<span class=\"command\">\\\\</span> 指定 SDK root 路径（完全路径，或者 4.1, 4.0, 3.2, 10.6，10.5，3.1.3，3.1.2）\n</pre></td></tr></table></figure>\n\n<p>class-dump-x 是一个 class-dump 的修改版，在当时（2008 年，class-dump 3.1.2 不支持 Objective-C 2.0 API)。 Objective-C 2.0 API 删除了 OBJC 段，在 data 段引入了一些新的 section。并且 class/obj 的布局也边了。它不生成 @property 声明，因为所有的 properties 被映射到方法了。不创建 @property 元素，这样的源码可以与 objc 1.0 的编译器兼容。<br>class_dump_z 是对上面两个的改进<br><a href=\"http://networkpx.googlecode.com/files/class-dump-z\"><a href=\"http://networkpx.googlecode.com/files/class-dump-z\">http://networkpx.googlecode.com/files/class-dump-z</a></a></p>\n<p>为什么需要另外一个 class-dump</p>\n<p>因为 class-dump-x 对 ivar offsets 的计算也是错误的，并不支持 properties\n原版的 class-dump 虽然也支持 ABI2 了，但对 ivar 的计算依然是错误的\nclass-dump-z 主要针对 iPhone 程序进行 dump, 不支持以下特性<br>64 位（除非以后 iPhone 上的内存超过 4G 了）\nObjective-C 1.0 API(iPhone 用 2.0)<br>class-dump-z 完全用 C++ 重写，避免动态调用，不像 class-dump 和 class-dump-x 那样使用 Objective-c 写。删除不必要的调用，使得 class-dump-z 比它的前任们快 10 倍左右。并且可以在 Linux，Mac, iPhone 上运行。</p>\n<p>选项</p>\n<figure class=\"highlight\"><table><tr><td class=\"gutter\"><pre>1\n2\n3\n4\n5\n6\n7\n8\n9\n10\n11\n12\n13\n14\n15\n16\n17\n18\n19\n20\n21\n22\n23\n24\n</pre></td><td class=\"code\"><pre><span class=\"literal\">-</span><span class=\"comment\">p\t\t\\\\</span> <span class=\"comment\">转换未声明的 getters 和 setters 为 properties</span> \n<span class=\"literal\">-</span><span class=\"comment\">h</span> <span class=\"comment\">proto\t\t\\\\</span> <span class=\"comment\">隐藏那些已经出现在</span> <span class=\"comment\">协议中的方法</span>\n<span class=\"literal\">-</span><span class=\"comment\">h</span> <span class=\"comment\">super\t\t\\\\</span> <span class=\"comment\">隐藏继承来的方法</span>\n<span class=\"literal\">-</span><span class=\"comment\">y</span> <span class=\"comment\">&lt;root&gt;\t\t\\\\</span> <span class=\"comment\">选择 sysroot</span>, <span class=\"comment\">默认是最后一版的 iPhoneOS</span> <span class=\"comment\">SDK</span> <span class=\"comment\">或者</span> <span class=\"comment\">/</span>\n<span class=\"literal\">-</span><span class=\"comment\">u</span> <span class=\"comment\">&lt;arch&gt;\t\t\\\\</span> <span class=\"comment\">选择指定的架构 (</span> <span class=\"comment\">armv6</span>, <span class=\"comment\">armv7 等)</span>\n<span class=\"literal\">-</span><span class=\"comment\">a\t\t\\\\</span> <span class=\"comment\">打印 ivar</span> <span class=\"comment\">偏移</span>\n<span class=\"literal\">-</span><span class=\"comment\">A\t\t\\\\</span> <span class=\"comment\">打印</span> <span class=\"comment\">实现的 VM 地址</span>\n<span class=\"literal\">-</span><span class=\"comment\">k\t\t\\\\</span> <span class=\"comment\">显示额外的注释</span>\n<span class=\"literal\">-</span><span class=\"comment\">k</span> <span class=\"literal\">-</span><span class=\"comment\">k\t\t\\\\</span> <span class=\"comment\">显示更多注释</span>\n<span class=\"literal\">-</span><span class=\"comment\">R\t\t\\\\</span> <span class=\"comment\">显示指针声明</span> <span class=\"string\">,</span> <span class=\"comment\">int</span> <span class=\"comment\">*a</span> <span class=\"comment\">而不是</span> <span class=\"comment\">int*</span> <span class=\"comment\">a(因为前者更明显地表达了指针的语义)</span>\n<span class=\"literal\">-</span><span class=\"comment\">N\t\t\\\\</span> <span class=\"comment\">保持原始结构名</span> <span class=\"comment\">（不用</span> <span class=\"comment\">CFArrayRef 代替</span> <span class=\"comment\">__CFArray)</span>\n<span class=\"literal\">-</span><span class=\"comment\">b\t\t\\\\</span> <span class=\"comment\">在</span> <span class=\"literal\">+</span><span class=\"comment\">/</span>- <span class=\"comment\">号之后放一个空格</span>,  <span class=\"comment\">也就是</span> <span class=\"literal\">+</span> <span class=\"comment\">(void)</span> <span class=\"comment\">，而不是</span> <span class=\"literal\">+</span><span class=\"comment\">(void)</span>\n<span class=\"literal\">-</span><span class=\"comment\">i</span>  <span class=\"comment\">&lt;file&gt;\t\t\\\\</span> <span class=\"comment\">读取并更新签名提示文件</span>\n<span class=\"literal\">-</span><span class=\"comment\">C</span>  <span class=\"comment\">&lt;regex&gt;\t\t\\\\</span> <span class=\"comment\">只显示匹配的 types</span>\n<span class=\"literal\">-</span><span class=\"comment\">f</span>  <span class=\"comment\">&lt;regex&gt;</span> <span class=\"comment\">\t\\\\</span> <span class=\"comment\">只显示匹配的 methods</span>\n<span class=\"literal\">-</span><span class=\"comment\">g\t\t\\\\</span> <span class=\"comment\">只显示导出 classes</span>\n<span class=\"literal\">-</span><span class=\"comment\">X</span> <span class=\"comment\">&lt;list&gt;\t\\\\</span> <span class=\"comment\">忽略所有 types(除了 categories)</span>\n<span class=\"literal\">-</span><span class=\"comment\">h</span> <span class=\"comment\">cats\t\t\\\\</span> <span class=\"comment\">隐藏 categories</span>\n<span class=\"literal\">-</span><span class=\"comment\">h</span> <span class=\"comment\">dogs\t\t\\\\</span> <span class=\"comment\">隐藏协议（这哥们太幽默了，上面是 cats（分类），这里就是 dogs 了</span>\n<span class=\"literal\">-</span><span class=\"comment\">S\t\t\\\\</span> <span class=\"comment\">将 types 按字幕顺序排序</span>\n<span class=\"literal\">-</span><span class=\"comment\">s\t\t\\\\</span> <span class=\"comment\">将方法按字母顺序排序</span>\n<span class=\"literal\">-</span><span class=\"comment\">z\t\t\\\\</span> <span class=\"comment\">按照字母顺序对方法排序，但将 class 方法和</span> <span class=\"literal\">-</span><span class=\"comment\">init</span> <span class=\"comment\">放在最见面</span>\n<span class=\"literal\">-</span><span class=\"comment\">H\t\t\\\\</span> <span class=\"comment\">分离头文件</span>\n<span class=\"literal\">-</span><span class=\"comment\">o</span> <span class=\"comment\">&lt;dir&gt;\t\t\\\\</span> <span class=\"comment\">将头文件放到这个目录，而不是当前目录\n</pre></td></tr></table></figure>","excerpt":178,"source":"_posts/2011-09-01-1314806400.md","slug":"1314806400","ctime":"2013-07-04T02:24:07.000Z","mtime":"2013-07-04T02:24:07.000Z"},"35":{"id":0,"title":"使用Bash脚本将build好的程序部署到iPhone上","date":"2011-09-15T07:27:00.000Z","updated":"2013-07-04T02:24:06.000Z","categories":[],"tags":[8],"comments":true,"layout":"post","content":"<p>无 IDP ,iphone 需要越狱。具体的方法是先用 scp 命令将编译好的 app 复制到 iPhone 的 Applications 目录，然后用 ssh 服务连到 iPhone 上，使用 ldid 命令给 app 签注，再杀掉 SpringBoard 进程刷新界面。\n每次部署时只需使用脚本，以 iPhone 的 IP 地址作为参数即可（iPhone 上要求先安装 SSH 服务）。\n<a name=\"more\"></a>\n1. 生成名为 rsa 的密匙文件。\n<code>ssh-keygen -t rsa</code></p>\n<ol>\n<li><p>在 iPhone 上建立.ssh 目录。\n<code>ssh root@iphoneipaddr &#39;mkdir -p .ssh&#39;</code></p>\n</li>\n<li><p>将 id_rsa.pub 文件拷贝到 iPhone 的目录上，这样使用 ssh 和 scp 命令连接 iPhone 时就不再需要每次输入 alpine 密码了。 \n<code>cat ~/.ssh/id_rsa.pub | ssh root@10.0.2.2 &#39;cat &gt;&gt; .ssh/authorized_keys&#39;</code></p>\n</li>\n<li><p>建立 installApp.sh 文件，增加执行权限\n<code>chomd +x installApp.sh</code></p>\n</li>\n<li><p>在 installApp.sh 文件中输入以下内容</p>\n<figure class=\"highlight\"><table><tr><td class=\"gutter\"><pre>1\n2\n3\n4\n5\n6\n7\n8\n9\n</pre></td><td class=\"code\"><pre><span class=\"shebang\">#!/bin/sh</span>\napppath=~/Documents/iPhone-source/foo-Project/build/Release-iphoneos/foo.app\niphone=<span class=\"string\">\"<span class=\"variable\">$1</span>\"</span>\n<span class=\"comment\"># login iphone to remove old files first</span>\nssh -l <span class=\"string\">\"root\"</span> <span class=\"string\">\"<span class=\"variable\">$iphone</span>\"</span> <span class=\"string\">\"rm -rf /Applications/foo.app\"</span>\n<span class=\"comment\"># copy app files to iPhone machine</span>\nscp -r <span class=\"variable\">$apppath</span> root@<span class=\"variable\">$iphone</span>:/Applications\n<span class=\"comment\"># login iphone to resign app and kill SpringBoard to force refresh</span>\nssh -l <span class=\"string\">\"root\"</span> <span class=\"string\">\"<span class=\"variable\">$iphone</span>\"</span> <span class=\"string\">\"cd /Applications/foo.app; ldid -s foo; killall 9 SpringBoard\"</span>\n</pre></td></tr></table></figure>\n\n</li>\n</ol>\n<p>保存之后，你就可以以 iPhone 的 IP 地址为参数执行脚本 <code>./installApp.sh 192.168.X.X</code> 来将 app 部署到 iPhone 上了.</p>\n","excerpt":199,"source":"_posts/2011-09-15-1316016000.md","slug":"1316016000","ctime":"2013-07-04T02:24:06.000Z","mtime":"2013-07-04T02:24:06.000Z"},"36":{"id":0,"title":"Lion 安装xcode3.2.x","date":"2011-12-01T12:21:00.000Z","updated":"2013-07-04T02:24:05.000Z","categories":[],"tags":[7],"comments":true,"layout":"post","content":"<ol>\n<li>加载 xcode 3.2.x 的 dmg 文件  </li>\n<li>在 pkg 文件上右键，打开终端  </li>\n<li>在终端中输入以下命令：<br><a name=\"more\"></a>\n<figure class=\"highlight\"><table><tr><td class=\"gutter\"><pre>1\n2\n3\n</pre></td><td class=\"code\"><pre><span class=\"title\">export</span> <span class=\"type\">COMMAND_LINE_INSTALL</span>=<span class=\"number\">1</span> \n<span class=\"title\">cd</span> /\n<span class=\"title\">open</span> <span class=\"string\">\"Volumes/Xcode and iOS SDK/Xcode and iOS SDK.mpkg\"</span>\n</pre></td></tr></table></figure>\n搞定！</li>\n</ol>\n","excerpt":87,"source":"_posts/2011-12-01-1322668800.md","slug":"1322668800","ctime":"2013-07-04T02:24:05.000Z","mtime":"2013-07-04T02:24:05.000Z"},"37":{"id":0,"title":"Linux下特别权限位-setuid，setgid，sticky","date":"2011-12-15T16:08:00.000Z","updated":"2013-07-04T02:24:03.000Z","categories":[],"tags":[9],"comments":true,"layout":"post","content":"<p>通常，我们用八进制表示一个权限时，如 644 或者 755，省略了最前面的一个特别权限位，完整地表示是 0644 或者 0755，而第一位就是特别权限位。这里着重要说的是三个特别权限位：setuid，setgid 和 sticky 位。\n<a name=\"more\"></a>\nsetuid 位：当文件设置了 setuid 位后，任何能够执行此文档的用户都有与文件属主相同的权限，即使得任意使用者在执行该文件时，都绑定了文件属主的权限。例如，某个程序为 root 拥有，又设置了 setuid 位，那即使是一个普通用户运行该程序，该程序的身份一样是 root 的身份，可以访问所有只有 root 可以访问的资源，设置 setuid 位的程序曾是被攻击的对象。setuid 位典型的应用是 /usr/bin/passwd，查看该文件权限显示 -rwsr-xr-x，这里的 s 表示设置了 setuid 位且该文件可由文件属主执行，如果一般用户执行该文件，则在执行过程中可以获得 root 权限，从而更改用户密码。大写 S 表示文件本来没有可执行权限并且设置了 setuid 位。  命令用法：chmod 4755 your_program</p>\n<p>setgid 位：与 setuid 位相似，只对目录有效，setgid 权限位被设定以后，任何用户都拥有了该文件所属组的权限，也就是能够像该文件组内成员相同运行它。另外当一个目录被配置 setgid 位后，以后用别的用户创建或者复制到这个目录下的文件，它所属的组会自动被改成目录文件所在的组，除非复制是加上 -p (preserve) 选项。  命令用法：chmod 2755 your_program</p>\n<p>sticky 位：一般只用在目录上，可以理解为防删除位，当一个目录被设置了 sticky 位，则该目录下的文件只能由</p>\n<p>一、超级管理员删除；二、该目录的所有者删除；三、该文件的所有者删除。也就是说, 即便该目录是任何人都可以写, 但也只有文件的属主才可以删除文件。</p>\n<p>要删除一个文件，你不一定要有这个文件的写权限，但你一定要有这个文件的上级目录的写权限。也就是说，你即使没有一个文件的写权限，但你有这个文件的上级目录的写权限，你也可以把这个文件给删除，而如果没有一个目录的写权限，也就不能在这个目录下创建文件。 如何才能使一个目录既可以让任何用户写入文件，又不让用户删除这个目录下他人的文件，sticky 就是能起到这个作用。stciky 一般只用在目录上，用在文件上起不到什么作用：<a href=\"http://www.diybl.com/course/6_system/linux/linuxjq/2007211/15640.html\"><a href=\"http://www.diybl.com/course/6_system/linux/linuxjq/2007211/15640.html\">http://www.diybl.com/course/6_system/linux/linuxjq/2007211/15640.html</a></a>。\n典型应用为 /temp 目录，/tmp 是一个存放临时文件的目录，要求是对所有用户可写。但每个用户都只能删除自己拥有的文件。通过 ls -l |grep tmp 可以看到 /temp 的权限表述为 drwsrwsrwt，其中字母 t 代表了这个目录被设置了粘着位。相同的需求往往在 ftp 服务器的 upload 目录中也存在。  命令用法：chmod 1755 your_directory  </p>\n<p>setuid，setgid，sticky 的八进制位分别是 4, 2, 1，助记法表示为 u+s，g+s，o+t，(删除标记位是 u-s，g-s，o-t)。  可以用 ls -l 来查看权限. 如果有这些标志, 则会在原来的执行标志位置上显示. 如</p>\n<p> rwsrw-r--       表示有 setuid 标志\n rwxrwsrw-       表示有 setgid 标志\n rwxrw-rwt       表示有 sticky 标志</p>\n<p>那么原来的执行标志 x 到哪里去了呢? 系统是这样规定的, 如果本来在该位上有 x, 则这些特殊标志显示为小写字母 (s, s, t). 否则, 显示为大写字母 (S, S, T)。</p>\n<p>转载自： <a href=\"http://blog.csdn.net/shrimp51/archive/2009/05/08/4159559.aspx\"><a href=\"http://blog.csdn.net/shrimp51/archive/2009/05/08/4159559.aspx\">http://blog.csdn.net/shrimp51/archive/2009/05/08/4159559.aspx</a></a></p>\n","excerpt":122,"source":"_posts/2011-12-16-1323964800.md","slug":"1323964800","ctime":"2013-07-04T02:24:03.000Z","mtime":"2013-07-04T02:24:03.000Z"},"38":{"id":0,"title":"iOS的icon、default及图片处理方法","date":"2012-02-08T05:53:00.000Z","updated":"2013-07-04T02:24:00.000Z","categories":[],"tags":[8],"comments":true,"layout":"post","content":"<h4>Icon</h4>\n<p> 命名方法，举例</p>\n<figure class=\"highlight\"><table><tr><td class=\"gutter\"><pre>1\n2\n3\n4\n5\n6\n7\n</pre></td><td class=\"code\"><pre> Icon<span class=\"preprocessor\">.png</span>\t\t\t\t<span class=\"number\">57</span>×<span class=\"number\">57</span>\n Icon-<span class=\"number\">72.</span>png\t\t\t<span class=\"number\">72</span>×<span class=\"number\">72</span>\n Icon-Small<span class=\"preprocessor\">.png</span>\t\t\t<span class=\"number\">29</span>×<span class=\"number\">29</span>\n Icon-Small-<span class=\"number\">50.</span>png\t\t<span class=\"number\">50</span>×<span class=\"number\">50</span>\n Icon<span class=\"localvars\">@2</span><span class=\"built_in\">x</span><span class=\"preprocessor\">.png</span>\t\t\t<span class=\"number\">114</span>×<span class=\"number\">114</span>\n Icon-Small<span class=\"localvars\">@2</span><span class=\"built_in\">x</span><span class=\"preprocessor\">.png</span>\t\t<span class=\"number\">58</span>×<span class=\"number\">58</span>\n iTunesArtwork\t\t\t<span class=\"number\">512</span>×<span class=\"number\">512</span>\n</pre></td></tr></table></figure>\n<a name=\"more\"></a>\n 在 info.plist 使用 key CFBundleIconFiles，注意与 CFBundleIconFile 区分开，CFBundleIconFiles 的优先级高于 CFBundleIconFile 省略扩展名，直接写 Icon，会自动识别。如果要加扩展名，必须把所有的图片名都添加到 CFBundleIconFiles 的 array 中，特别需要注意的是，如果想自动识别，命名必须严格按照标准，且 key 为 string 类型。如果不自动识别，key 为 array 类似并将完整文件名添加进去。\n\n#### Default\n<figure class=\"highlight\"><table><tr><td class=\"gutter\"><pre>1\n2\n3\n</pre></td><td class=\"code\"><pre> &<span class=\"keyword\">lt</span>;basename&<span class=\"keyword\">gt</span>;&<span class=\"keyword\">lt</span>;orientation_modifier&<span class=\"keyword\">gt</span>;&<span class=\"keyword\">lt</span>;scale_modifier&<span class=\"keyword\">gt</span>;&<span class=\"keyword\">lt</span>;device_modifier&<span class=\"keyword\">gt</span>;.png\n /<span class=\"variable\">* 这</span>个就不多说了，方法和 icon 是一样的，只列出相关的后缀<span class=\"variable\">*/</span>\n &<span class=\"keyword\">lt</span>;basename&<span class=\"keyword\">gt</span>;\n</pre></td></tr></table></figure>\n\n<p> 默认为 Default，也可用 UILaunchImageFile key 设置，在这用 Default 举例，旋转方向</p>\n<p><figure class=\"highlight\"><table><tr><td class=\"gutter\"><pre>1\n2\n3\n4\n5\n6\n</pre></td><td class=\"code\"><pre> <span class=\"literal\">-</span><span class=\"comment\">PortraitUpsideDown</span>\n <span class=\"literal\">-</span><span class=\"comment\">LandscapeLeft</span>\n <span class=\"literal\">-</span><span class=\"comment\">LandscapeRight</span>\n <span class=\"literal\">-</span><span class=\"comment\">Portrait</span>\n <span class=\"literal\">-</span><span class=\"comment\">Landscape</span>\n <span class=\"comment\">None\n</pre></td></tr></table></figure>\n 也就是说你可以 <code>Default-Portrait.png</code> 来表示竖屏时的加载图像，同样也可以直接 <code>Default.png</code> 不指定方向。 <code>&lt;scale_modifier&gt;</code> 依然是为 iphone4 准备，用法和 icon 雷同\n  <code>Default-Portrait.png</code> 与 <code>Default-Portrait@2x.png</code> 会自动识别 <code>&lt;device_modifier&gt;</code> 区分设备，有 2 个值 <code>~iphone</code> <code>~ipad</code> <code>Default-Portrait~iphone.png</code> 与 <code>Default-Portrait~ipad.png</code> 会自动判断设备，同样需要注意的一点，这个在 icon 里面同样适应，但是貌似现在没有使用的必要，看来未来 ipad 的分辨率也会扩充一倍？如果使用了 Custom URL Schemes，不多说了，格式如下，用法同上</p>\n<p><figure class=\"highlight\"><table><tr><td class=\"gutter\"><pre>1\n</pre></td><td class=\"code\"><pre> &<span class=\"keyword\">lt</span>;basename&<span class=\"keyword\">gt</span>;-&<span class=\"keyword\">lt</span>;url_scheme&<span class=\"keyword\">gt</span>;&<span class=\"keyword\">lt</span>;scale_modifier&<span class=\"keyword\">gt</span>;&<span class=\"keyword\">lt</span>;device_modifier&<span class=\"keyword\">gt</span>;.png\n</pre></td></tr></table></figure>\n 如： <code>Default-myscheme.png</code> 与 <code>Default-myscheme@2x.png</code></p>\n<h4>图片</h4>\n<p> 如果你的资源目录下有 <code>Button.png</code> 与 <code>Button@2x.png</code> 两张图片\n 那么使用：</p>\n<p><figure class=\"highlight\"><table><tr><td class=\"gutter\"><pre>1\n</pre></td><td class=\"code\"><pre> <span class=\"built_in\">UIImage</span>* anImage = [<span class=\"built_in\">UIImage</span> imageNamed:@<span class=\"string\">\"Button\"</span>];\n</pre></td></tr></table></figure>\n 将会自动识别图片加载。</p>\n","excerpt":1042,"source":"_posts/2012-02-08-1328630400.md","slug":"1328630400","ctime":"2013-07-04T02:24:00.000Z","mtime":"2013-07-04T02:24:00.000Z"},"39":{"id":0,"title":"Mac最近打开过的项目","date":"2012-03-28T08:36:00.000Z","updated":"2013-07-04T02:20:30.000Z","categories":[],"tags":[2],"comments":true,"layout":"post","content":"<p>Mac 有一个特别有用的 Stack，“最近打开过的项目”，建立方法如下：</p>\n<p>打开 Terminal，输入以下命令:</p>\n<p><figure class=\"highlight\"><table><tr><td class=\"gutter\"><pre>1\n</pre></td><td class=\"code\"><pre><span class=\"comment\">defaults</span> <span class=\"comment\">write</span> <span class=\"comment\">com</span>.<span class=\"comment\">apple</span>.<span class=\"comment\">dock</span> <span class=\"comment\">persistent</span>-<span class=\"comment\">others</span> <span class=\"literal\">-</span><span class=\"comment\">array</span>-<span class=\"comment\">add</span> <span class=\"comment\">'{</span> <span class=\"comment\">\"tile</span>-<span class=\"comment\">data\"</span> <span class=\"comment\">=</span> <span class=\"comment\">{</span> <span class=\"comment\">\"list</span>-<span class=\"comment\">type\"</span> <span class=\"comment\">=</span> <span class=\"comment\">1;</span> <span class=\"comment\">};</span> <span class=\"comment\">\"tile</span>-<span class=\"comment\">type\"</span> <span class=\"comment\">=</span> <span class=\"comment\">\"recents</span>-<span class=\"comment\">tile\";</span> <span class=\"comment\">}'&lt;!</span>-<span class=\"literal\">-</span> <span class=\"comment\">more</span> <span class=\"literal\">-</span><span class=\"literal\">-</span><span class=\"comment\">&gt;\n</pre></td></tr></table></figure>\n然后再输入：</p>\n<p><figure class=\"highlight\"><table><tr><td class=\"gutter\"><pre>1\n</pre></td><td class=\"code\"><pre><span class=\"title\">Killall</span> Dock\n</pre></td></tr></table></figure>\n 搞定。</p>\n","excerpt":1440,"source":"_posts/2012-03-28-1332864000.md","slug":"1332864000","ctime":"2013-07-04T02:20:30.000Z","mtime":"2013-07-04T02:20:30.000Z"},"40":{"id":0,"title":"Xcode4.2打开NSZombie调试EXC_BAD_ACCESS","date":"2012-05-02T03:53:00.000Z","updated":"2013-07-04T02:20:23.000Z","categories":[],"tags":[7],"comments":true,"layout":"post","content":"<p>在 XCode 4.2 中，有两种方法来打开 NSZombie。</p>\n<p>方法一、添加环境变量， 在菜单中，选择 <code>Product-&gt;Edit Schema</code>, 选择<code>Run (App Name)</code>, 在<code>Arguments</code>下面的<code>Environment Variables</code>中，添加<code>NSZombieEnabled</code>, <code>Value</code>值为<code>YES</code>。\n<a name=\"more\"></a></p>\n<p>方法二、打开<code>Diagnostics</code>, 同样在菜单中选择<code>Product -&gt; Edit Schema</code>, 选择<code>Run (App Name)</code>, 在<code>Diagnostics</code>下，打开<code>Memory Management</code>下的<code>Enable Zombie Objects</code>。</p>\n","excerpt":264,"source":"_posts/2012-05-02-1335888000.md","slug":"1335888000","ctime":"2013-07-04T02:20:23.000Z","mtime":"2013-07-04T02:20:23.000Z"},"41":{"id":0,"title":"Mac 下配置 svn 服务器","date":"2012-05-23T09:32:00.000Z","updated":"2013-07-04T02:20:14.000Z","categories":[],"tags":[2],"comments":true,"layout":"post","content":"<p>MAC 已经自带了 SVN，所以，直接使用就好</p>\n<p>1、创建 svn repository</p>\n<figure class=\"highlight\"><table><tr><td class=\"gutter\"><pre>1\n</pre></td><td class=\"code\"><pre>svnadmin <span class=\"operator\"><span class=\"keyword\">create</span> /path/svn/pro\n</pre></td></tr></table></figure>\n<a name=\"more\"></a>\n仓库位置，svn 是 svn 的目录，pro 是一个版本库的目录\n<figure class=\"highlight\"><table><tr><td class=\"gutter\"><pre>1\n</pre></td><td class=\"code\"><pre>PS：这里有个歧义，按这样的方式添加 SVN 后，在启动 SVN 服务的时候，记得要用 /path/svn 这个路径，而不能用 /path/svn/pro 这个路径，不然会报 doesn<span class=\"attribute\">'t</span> exist\n</pre></td></tr></table></figure>\n\n<p>2、配置 svn 用户权限。</p>\n<figure class=\"highlight\"><table><tr><td class=\"gutter\"><pre>1\n</pre></td><td class=\"code\"><pre>/path/svn/pro/conf/ 目录下存在<span class=\"number\">3</span>个文件：authz,passwd,<span class=\"filename\">svnserve.conf\n</pre></td></tr></table></figure>\n\n<p>（1）配置 svnserve.conf\n将里面的</p>\n<figure class=\"highlight\"><table><tr><td class=\"gutter\"><pre>1\n2\n3\n4\n</pre></td><td class=\"code\"><pre>＃anon-access = <span class=\"keyword\">read</span>\n＃auth-access = <span class=\"keyword\">write</span>\n＃password-db = passwd\n＃authz-db = authz\n</pre></td></tr></table></figure>\n四行前的＃号去掉，再将 <code>anon-access = read</code> 改为 <code>anon-access = none</code>，这样禁止匿名访问\nPS：这里要注意的，在＃号后是有空格的，得去掉这个空格，上文字顶格，不然也有错误\n\n\n（2）配置 passwd 里面存的是用户与密码，有示例，直接按照它的格式添加用户和密码就可以了\n<figure class=\"highlight\"><table><tr><td class=\"gutter\"><pre>1\n2\n</pre></td><td class=\"code\"><pre><span class=\"setting\">test1=<span class=\"value\"><span class=\"number\">123</span></span></span>\n<span class=\"setting\">test2=<span class=\"value\"><span class=\"number\">456</span></span></span>\n</pre></td></tr></table></figure>\n\n<p>（3）配置 authz\n[groups] 后面跟的是用户组设置，可以将你在 passwd 里设置的用户添加到不同的用户组里，那么之后，可以对不同用户组设置不同的权限，以免多用户设置麻烦，多个用户用, 号分隔。可按它的示例做</p>\n<p><figure class=\"highlight\"><table><tr><td class=\"gutter\"><pre>1\n2\n</pre></td><td class=\"code\"><pre><span class=\"title\">[groups]</span>\n<span class=\"setting\">testgroups=<span class=\"value\">test1,test2</span></span>\n</pre></td></tr></table></figure>\n之后，可以对不同的版本库进行权限设置，底下有一个示例，按它的写法写就可以了，如果需要对所有的版本库设置，利用 [/] 就可以了。如：</p>\n<p><figure class=\"highlight\"><table><tr><td class=\"gutter\"><pre>1\n2\n3\n</pre></td><td class=\"code\"><pre><span class=\"attr_selector\">[/]</span>\n <span class=\"at_rule\">@testgroups=rm\n//PS：用户组前要用 @符号，如果是用户，直接写用户名就可以了。rm 代表可读写，显然只读就是 r 了\n</pre></td></tr></table></figure>\n3、启动 SVN 服务</p>\n<p><figure class=\"highlight\"><table><tr><td class=\"gutter\"><pre>1\n</pre></td><td class=\"code\"><pre><span class=\"comment\">svnserve</span> <span class=\"literal\">-</span><span class=\"comment\">d</span> <span class=\"literal\">-</span><span class=\"comment\">r</span> <span class=\"comment\">/path/svn\n</pre></td></tr></table></figure>\n特别注意，路径一定是 SVN 的目录，不是其中一个版本库的目录，不然，能正常启动，就是访问有问题\n没有任何输出，则启动成功</p>\n<p>4、启止服务 / 重启</p>\n<p><figure class=\"highlight\"><table><tr><td class=\"gutter\"><pre>1\n</pre></td><td class=\"code\"><pre><span class=\"title\">kill</span> -<span class=\"number\">9</span> svnserve\n</pre></td></tr></table></figure>\n直接删除进程，再启动服务就可以了</p>\n<p>5、测试</p>\n<p><figure class=\"highlight\"><table><tr><td class=\"gutter\"><pre>1\n</pre></td><td class=\"code\"><pre><span class=\"comment\">svn</span> <span class=\"comment\">checkout</span> <span class=\"comment\">svn://127</span>.<span class=\"comment\">0</span>.<span class=\"comment\">0</span>.<span class=\"comment\">1/pro</span> <span class=\"literal\">-</span><span class=\"literal\">-</span><span class=\"comment\">username=test1</span> <span class=\"literal\">-</span><span class=\"literal\">-</span><span class=\"comment\">password=123</span> <span class=\"string\">.</span><span class=\"comment\">/pro\n</pre></td></tr></table></figure>\n转载自: <a href=\"http://www.cnblogs.com/onlyfu/archive/2012/05/08/2489814.html\"><a href=\"http://www.cnblogs.com/onlyfu/archive/2012/05/08/2489814.html\">http://www.cnblogs.com/onlyfu/archive/2012/05/08/2489814.html</a></a></p>\n","excerpt":270,"source":"_posts/2012-05-23-1337702400.md","slug":"1337702400","ctime":"2013-07-04T02:20:14.000Z","mtime":"2013-07-04T02:20:14.000Z"},"42":{"id":0,"title":"Mac 下配置 Git 服务器","date":"2012-07-27T03:41:00.000Z","updated":"2013-07-04T02:20:07.000Z","categories":[],"tags":[2],"comments":true,"layout":"post","content":"<p>XCode 默认支持 Git 作为代码仓库，当我们新建一个仓库的时候，可以勾选创建默认仓库，只不过这个仓库是在本地的。本文介绍如何在 mac 机器上创建 Git 服务器，总体思路是：使用 gitosis 来简化创建过程，在用作服务器的机器上创建一个名为 git 的账户来创建 git 服务器，其他客户端通过 ssh 机制访问 git 服务器。\n<a name=\"more\"></a></p>\n<h4>一、创建 git 账户</h4>\n<p>1，在用作服务器的机器 Server 上创建 git 账户。我们可以通过 System Preferences-&gt;accounts 来添加。在这里我添加一个 git 的 administrator 账户，administrator 不是必须的，在这里仅仅为了方便。\n2，设置远程访问\nlogout 当前账户，使用 git 账户登录；在 System Preferences-&gt;Sharing 中，勾选：Web Sharing 和 Remote Logig。</p>\n<h4>二、下载安装 gitosis</h4>\n<p>1、Mac 默认已经为我们安装了 Git 和 Python，可以使用如下命令查看其版本信息：</p>\n<figure class=\"highlight\"><table><tr><td class=\"gutter\"><pre>1\n2\n3\n4\n</pre></td><td class=\"code\"><pre><span class=\"title\">yourname</span>:~ git$ git <span class=\"comment\">--version</span>\n<span class=\"title\">git</span> version <span class=\"number\">1.7</span><span class=\"number\">.3</span><span class=\"number\">.4</span>\n<span class=\"title\">yourname</span>:~ git$ python <span class=\"comment\">--version</span>\n<span class=\"type\">Python</span> <span class=\"number\">2.6</span><span class=\"number\">.1</span>\n</pre></td></tr></table></figure>\n\n<p>2、通过命令 <code>git clone git://eagain.net/gitosis.git</code> 来下载 gitosis</p>\n<figure class=\"highlight\"><table><tr><td class=\"gutter\"><pre>1\n2\n3\n4\n5\n6\n7\n</pre></td><td class=\"code\"><pre><span class=\"method\">yourname:</span>~ git<span class=\"char\">$ </span>git clone <span class=\"method\">git:</span>//eagain.net/gitosis.git\n<span class=\"class\">Cloning</span> into gitosis\n<span class=\"method\">remote:</span> <span class=\"class\">Counting</span> <span class=\"method\">objects:</span> <span class=\"number\">614</span>, done.\n<span class=\"method\">remote:</span> <span class=\"class\">Compressing</span> <span class=\"method\">objects:</span> <span class=\"number\">100</span>% (<span class=\"number\">183</span>/<span class=\"number\">183</span>), done.\n<span class=\"method\">remote:</span> <span class=\"class\">Total</span> <span class=\"number\">614</span> (delta <span class=\"number\">434</span>), reused <span class=\"number\">594</span> (delta <span class=\"number\">422</span>)\n<span class=\"class\">Receiving</span> <span class=\"method\">objects:</span> <span class=\"number\">100</span>% (<span class=\"number\">614</span>/<span class=\"number\">614</span>), <span class=\"number\">93.82</span> <span class=\"class\">KiB</span> | <span class=\"number\">45</span> <span class=\"class\">KiB</span>/s, done.\n<span class=\"class\">Resolving</span> <span class=\"method\">deltas:</span> <span class=\"number\">100</span>% (<span class=\"number\">434</span>/<span class=\"number\">434</span>), done.\n</pre></td></tr></table></figure>\n\n<p>3，进入 gitosis 目录，使用命令 <code>sudo python setup.py install</code> 来执行 python 脚本来安装 gitosis。</p>\n<figure class=\"highlight\"><table><tr><td class=\"gutter\"><pre>1\n2\n3\n4\n5\n6\n7\n8\n9\n</pre></td><td class=\"code\"><pre><span class=\"title\">yourname</span>:~ git$ cd gitosis/\n<span class=\"title\">yourname</span>:gitosis git$ sudo python setup.py install\n<span class=\"title\">running</span> install\n<span class=\"title\">running</span> bdist_egg\n<span class=\"title\">running</span> egg_info\n<span class=\"title\">creating</span> gitosis.egg-info\n……\n<span class=\"type\">Using</span> /<span class=\"type\">Library</span>/<span class=\"type\">Python</span>/<span class=\"number\">2.6</span>/site-packages/setuptools-<span class=\"number\">0.6</span>c9-py2<span class=\"number\">.6</span>.egg\n<span class=\"type\">Finished</span> processing dependencies for gitosis==<span class=\"number\">0.2</span>\n</pre></td></tr></table></figure>\n\n<p>三、制作 ssh rsa 公钥。     回到 client 机器上，制作 ssh 公钥。在这里我的使用同一台机器上的另一个账户作为 client。如果作为 client 的机器与作为 server 的机器不是同一台，也是类型的流程：制作公钥，放置到服务的 /tmp 目录下。只不过在同一台机器上，我们可以通过开启另一个 terminal，使用 su 切换到 local 账户就可以同时操作两个账户。</p>\n<figure class=\"highlight\"><table><tr><td class=\"gutter\"><pre>1\n2\n3\n4\n5\n6\n7\n8\n9\n10\n11\n12\n13\n14\n</pre></td><td class=\"code\"><pre><span class=\"label\">yourname:</span>~ git$ su local_account\n<span class=\"label\">Password:</span>\nbash-<span class=\"number\">3.2</span>$ cd ~\nbash-<span class=\"number\">3.2</span>$ ssh-keygen -t rsa\nGenerating public/private rsa key pair.\nEnter file <span class=\"keyword\">in</span> which to save the key (/Users/local_account/<span class=\"preprocessor\">.ssh</span>/id_rsa):\nEnter passphrase (empty for no passphrase):\nEnter same passphrase again:\nYour identification has been saved <span class=\"keyword\">in</span> /Users/local_account/<span class=\"preprocessor\">.ssh</span>/id_rsa.\nYour public key has been saved <span class=\"keyword\">in</span> /Users/local_account/<span class=\"preprocessor\">.ssh</span>/id_rsa<span class=\"preprocessor\">.pub</span>.\nbash-<span class=\"number\">3.2</span>$ cd <span class=\"preprocessor\">.ssh</span>\nbash-<span class=\"number\">3.2</span>$ ls\nid_rsa        id_rsa<span class=\"preprocessor\">.pub</span>\nbash-<span class=\"number\">3.2</span>$ <span class=\"keyword\">cp</span> id_rsa<span class=\"preprocessor\">.pub</span> /tmp/yourame<span class=\"preprocessor\">.pub</span>\n</pre></td></tr></table></figure>\n\n<p>在上面的命令里，首先通过 su 切换到 local 账户（只有在同一台机器上才有效），然后进入到 local 账户的 home 目录，使用 ssh-keygen -t rsa 生成 id_rsa.pub，最后将该文件拷贝放置到  /tmp/yourname.pub，这样 git 账户就可以访问 yourname.pub 了，在这里改名是为了便于在 git 中辨识多个 client。</p>\n<p>四、使用 ssh 公钥初始化 gitosis。  不论你是以那种方式（邮件，usb 等等）拷贝 yourname.pub 至服务器的 /tmp/yourname.pub。下面的流程都是一样，登入服务器机器的 git 账户，进入先前提到 gitosis 目录，进行如下操作初始化 gitosis，初始化完成后，会在 git 的 home 下创建 repositories 目录。</p>\n<figure class=\"highlight\"><table><tr><td class=\"gutter\"><pre>1\n2\n3\n</pre></td><td class=\"code\"><pre><span class=\"label\">yourname:</span>gitosis git$ sudo -H -u git gitosis-init &lt<span class=\"comment\">; /tmp/yourname.pub</span>\nInitialized empty Git repository <span class=\"keyword\">in</span> /Users/git/repositories/gitosis-admin<span class=\"preprocessor\">.git</span>/\nReinitialized existing Git repository <span class=\"keyword\">in</span> /Users/git/repositories/gitosis-admin<span class=\"preprocessor\">.git</span>/\n</pre></td></tr></table></figure>\n\n<p>在这里，会将该 client 当做认证受信任的账户，因此在 git 的 home 目录下会有记录，文件 authorized_keys 的内容与 yourname.pub 差不多。</p>\n<figure class=\"highlight\"><table><tr><td class=\"gutter\"><pre>1\n2\n3\n4\n</pre></td><td class=\"code\"><pre><span class=\"method\">yourname:</span>~ git<span class=\"char\">$ </span>cd ~\n<span class=\"method\">yourname:</span>~ git<span class=\"char\">$ </span>cd .ssh\n<span class=\"method\">yourname:</span>.ssh git<span class=\"char\">$ </span>ls\nauthorized_keys\n</pre></td></tr></table></figure>\n\n<p>我们需要将 authorizd_keys 稍做修改，用编辑器打开它，删除里面的 </p>\n<figure class=\"highlight\"><table><tr><td class=\"gutter\"><pre>1\n</pre></td><td class=\"code\"><pre>\"command=\"gitosis-serve yourname\",no-port-forwarding,no-X11-forwarding,no-agent-forwarding,no-pty \" \n</pre></td></tr></table></figure>\n这一行：\n\n<figure class=\"highlight\"><table><tr><td class=\"gutter\"><pre>1\n</pre></td><td class=\"code\"><pre><span class=\"method\">yourname:</span>.ssh git<span class=\"char\">$ </span>open -e authorized_keys\n</pre></td></tr></table></figure>\n\n<p>然后，我们对 post-update 赋予可写权限，以便 client 端可以提交更改。</p>\n<figure class=\"highlight\"><table><tr><td class=\"gutter\"><pre>1\n2\n3\n4\n5\n6\n7\n</pre></td><td class=\"code\"><pre><span class=\"method\">yourname:</span>gitosis git<span class=\"char\">$ </span>sudo chmod <span class=\"number\">755</span> /<span class=\"class\">Users</span>/git/repositories/gitosis-admin.git/hooks/post-update\n<span class=\"class\">Password</span>:\n<span class=\"method\">yourname:</span>.ssh git<span class=\"char\">$ </span>cd ~\n<span class=\"method\">yourname:</span>~ git<span class=\"char\">$ </span>cd repositories/\n<span class=\"method\">yourname:</span>repositories git<span class=\"char\">$ </span>ls\ngitosis-admin.git\n<span class=\"method\">yourname:</span>repositories git$\n</pre></td></tr></table></figure>\n\n<p>在上面的命令中可以看到，gitosis 也是作为仓库的形式给出，我们可以在其他账户下 checkout，然后对 gitosis 进行配置管理等等，而无需使用服务器的 git 账户进行。\n最后一步，修改 git 账户的 PATH 路径。</p>\n<figure class=\"highlight\"><table><tr><td class=\"gutter\"><pre>1\n2\n3\n4\n5\n6\n</pre></td><td class=\"code\"><pre><span class=\"method\">yourname:</span>gitosis git<span class=\"char\">$ </span>touch ~/.bashrc\n<span class=\"method\">yourname:</span>gitosis git<span class=\"char\">$ </span>echo <span class=\"class\">PATH</span>=/usr/local/<span class=\"method\">bin:</span>/usr/local/git/<span class=\"method\">bin:</span>\\<span class=\"char\">$P</span>ATH &gt; .bashrc\n<span class=\"method\">yourname:</span>gitosis git<span class=\"char\">$ </span>echo export <span class=\"class\">PATH</span> &gt;&gt; .bashrc\n<span class=\"method\">yourname:</span>gitosis git<span class=\"char\">$ </span>cat .bashrc\n<span class=\"class\">PATH</span>=/usr/local/<span class=\"method\">bin:</span>/usr/local/git/<span class=\"method\">bin:</span><span class=\"char\">$P</span>ATH\nexport <span class=\"class\">PATH</span>\n</pre></td></tr></table></figure>\n至此，服务器的配置完成。\n\n五、client 配置\n\n1、回到 local 账户，首先在 terminal 输入如下命令修改 local 的 git 配置：\n<figure class=\"highlight\"><table><tr><td class=\"gutter\"><pre>1\n2\n</pre></td><td class=\"code\"><pre><span class=\"comment\">bash</span>-<span class=\"comment\">3</span>.<span class=\"comment\">2$</span> <span class=\"comment\">git</span> <span class=\"comment\">config</span> <span class=\"literal\">-</span><span class=\"literal\">-</span><span class=\"comment\">global</span> <span class=\"comment\">user</span>.<span class=\"comment\">name</span> <span class=\"comment\">\"yourgitname\"</span>\n<span class=\"comment\">bash</span>-<span class=\"comment\">3</span>.<span class=\"comment\">2$</span> <span class=\"comment\">git</span> <span class=\"comment\">config</span> <span class=\"literal\">-</span><span class=\"literal\">-</span><span class=\"comment\">global</span> <span class=\"comment\">user</span>.<span class=\"comment\">email</span> <span class=\"comment\">\"yourmail@yourcom</span>.<span class=\"comment\">com\"\n</pre></td></tr></table></figure>\n2、测试服务器是否连接正确，将 <code>10.1.4.211</code> 换成你服务的名称或服务器地址即可。\n<figure class=\"highlight\"><table><tr><td class=\"gutter\"><pre>1\n2\n</pre></td><td class=\"code\"><pre><span class=\"method\">yourname:</span>~ local_account<span class=\"char\">$ </span>ssh git@<span class=\"number\">10.1</span><span class=\"number\">.4</span><span class=\"number\">.211</span>\n<span class=\"class\">Last</span> <span class=\"method\">login:</span> <span class=\"class\">Mon</span> <span class=\"class\">Nov</span>  <span class=\"number\">7</span> <span class=\"number\">13</span>:<span class=\"number\">11</span>:<span class=\"number\">38</span> <span class=\"number\">2011</span> from <span class=\"number\">10.1</span><span class=\"number\">.4</span><span class=\"number\">.211</span>\n</pre></td></tr></table></figure>\n3、在本地 clone 服务器仓库，下面以 gitosis-admin.git 为例：\n<figure class=\"highlight\"><table><tr><td class=\"gutter\"><pre>1\n2\n3\n4\n5\n6\n7\n8\n9\n10\n11\n</pre></td><td class=\"code\"><pre>bash-<span class=\"number\">3.2</span><span class=\"variable\">$ </span>git clone git<span class=\"variable\">@10</span>.<span class=\"number\">1.4</span>.<span class=\"number\">211</span><span class=\"symbol\">:repositories/gitosis-admin</span>.git\n<span class=\"constant\">Cloning</span> into gitosis-admin\n<span class=\"symbol\">remote:</span> <span class=\"constant\">Counting</span> <span class=\"symbol\">objects:</span> <span class=\"number\">5</span>, done.\n<span class=\"symbol\">remote:</span> <span class=\"constant\">Compressing</span> <span class=\"symbol\">objects:</span> <span class=\"number\">100</span>% (<span class=\"number\">5</span>/<span class=\"number\">5</span>), done.\n<span class=\"symbol\">remote:</span> <span class=\"constant\">Total</span> <span class=\"number\">5</span> (delta <span class=\"number\">0</span>), reused <span class=\"number\">5</span> (delta <span class=\"number\">0</span>)\n<span class=\"constant\">Receiving</span> <span class=\"symbol\">objects:</span> <span class=\"number\">100</span>% (<span class=\"number\">5</span>/<span class=\"number\">5</span>), done.\nbash-<span class=\"number\">3.2</span><span class=\"variable\">$ </span>ls\n<span class=\"constant\">Desktop</span>        <span class=\"constant\">InstallApp</span>    <span class=\"constant\">Music</span>        <span class=\"constant\">Sites</span>\n<span class=\"constant\">Documents</span>    <span class=\"constant\">Library</span>        <span class=\"constant\">Pictures</span>    gitosis-admin\n<span class=\"constant\">Downloads</span>    <span class=\"constant\">Movies</span>        <span class=\"constant\">Public</span>\nbash-<span class=\"number\">3.2</span><span class=\"variable\">$ </span>git\n</pre></td></tr></table></figure>\n在上面的输出中可以看到，我们已经成功 clone 服务器的 gitosis-admin 仓库至本地了。\n\n4、在本地管理 gitosis-admin：\n进入 gitosis-admin 目录，我们来查看一下其目录结构：gitosis.conf 文件是一个配置文件，里面定义哪些用户可以访问哪些仓库，我们可以修改这个配置；keydir 是存放 ssh 公钥的地方。\n<figure class=\"highlight\"><table><tr><td class=\"gutter\"><pre>1\n2\n3\n4\n5\n6\n</pre></td><td class=\"code\"><pre><span class=\"title\">bash</span>-<span class=\"number\">3.2</span>$ cd gitosis-admin/\n<span class=\"title\">bash</span>-<span class=\"number\">3.2</span>$ ls\n<span class=\"title\">gitosis</span>.conf keydir\n<span class=\"title\">bash</span>-<span class=\"number\">3.2</span>$ cd keydir/\n<span class=\"title\">bash</span>-<span class=\"number\">3.2</span>$ ls\n<span class=\"title\">yourname</span>.pub\n</pre></td></tr></table></figure>\n\n<p>我们只需要将其他 client 产生的 ssh 公钥添加到 keydir 目录下，并在 gitosis.conf 文件中配置这些用户可以访问的仓库 (用户名与放置在 keydir 下 sh 公钥名相同，这就是在前面我们要修改 ssh 公钥名的原因)，然后将改动提交至服务器，这样就可以让其他的 client 端访问服务器的代码仓库了。</p>\n<p>转载自：<a href=\"http://www.cppblog.com/kesalin/archive/2011/11/07/mac_git.html\"><a href=\"http://www.cppblog.com/kesalin/archive/2011/11/07/mac_git.html\">http://www.cppblog.com/kesalin/archive/2011/11/07/mac_git.html</a></a></p>\n","excerpt":175,"source":"_posts/2012-07-27-1343318400.md","slug":"1343318400","ctime":"2013-07-04T02:20:07.000Z","mtime":"2013-07-04T02:20:07.000Z"},"43":{"id":0,"title":"MacPorts 安装使用","date":"2012-08-12T01:10:00.000Z","updated":"2013-07-04T02:23:45.000Z","categories":[],"tags":[2],"comments":true,"layout":"post","content":"<p>Mac 下面除了用 dmg、pkg 来安装软件外，比较方便的还有用 MacPorts 来帮助你安装其他应用程序，跟 BSD 中的 ports 道理一样。MacPorts 就像 apt-get、yum 一样，可以快速安装些软件。</p>\n<h4>MacPorts 安装<a name=\"more\"></a></h4>\n<pre><code><span class=\"title\">Dmg</span> 安装\n</code></pre>\n<p>官方网站 <a href=\"http://www.macports.org/install\"><a href=\"http://www.macports.org/install\">http://www.macports.org/install</a></a>.php，这里提供有 dmg 安装和源码安装两种方式，dmg 就不多说了，下载后，下一步下一步安装即可。</p>\n<pre><code><span class=\"attribute\">Source 安装\n</code></pre>\n<figure class=\"highlight\"><table><tr><td class=\"gutter\"><pre>1\n2\n3\n4\n5\n6\n</pre></td><td class=\"code\"><pre>wget http://distfiles<span class=\"preprocessor\">.macports</span><span class=\"preprocessor\">.org</span>/MacPorts/MacPorts-<span class=\"number\">1.9</span><span class=\"number\">.2</span><span class=\"preprocessor\">.tar</span><span class=\"preprocessor\">.gz</span>\ntar zxvf MacPorts-<span class=\"number\">1.9</span><span class=\"number\">.2</span><span class=\"preprocessor\">.tar</span><span class=\"preprocessor\">.gz</span>\ncd MacPorts-<span class=\"number\">1.9</span><span class=\"number\">.2</span>\n./configure && make && sudo make install\ncd ../\nrm -rf MacPorts-<span class=\"number\">1.9</span><span class=\"number\">.2</span>*\n</pre></td></tr></table></figure>\n\n<p>然后将 /opt/local/bin 和 /opt/local/sbin 添加到 $PATH 搜索路径中\n编辑 /etc/profile 文件中，加上</p>\n<figure class=\"highlight\"><table><tr><td class=\"gutter\"><pre>1\n2\n</pre></td><td class=\"code\"><pre>export <span class=\"class\">PATH</span>=/opt/local/<span class=\"method\">bin:</span><span class=\"char\">$P</span>ATH\nexport <span class=\"class\">PATH</span>=/opt/local/<span class=\"method\">sbin:</span><span class=\"char\">$P</span>ATH\n</pre></td></tr></table></figure>\n#### MacPorts 使用\n更新 ports tree 和 MacPorts 版本，强烈推荐第一次运行的时候使用 -v 参数，显示详细的更新过程。\n<figure class=\"highlight\"><table><tr><td class=\"gutter\"><pre>1\n</pre></td><td class=\"code\"><pre>su<span class=\"operator\"><span class=\"keyword\">do</span> port -v selfupdate\n</pre></td></tr></table></figure>\n搜索索引中的软件\n<figure class=\"highlight\"><table><tr><td class=\"gutter\"><pre>1\n</pre></td><td class=\"code\"><pre><span class=\"title\">port</span> search name\n</pre></td></tr></table></figure>\n安装新软件\n<figure class=\"highlight\"><table><tr><td class=\"gutter\"><pre>1\n</pre></td><td class=\"code\"><pre>su<span class=\"operator\"><span class=\"keyword\">do</span> port install name\n</pre></td></tr></table></figure>\n卸载软件\n<figure class=\"highlight\"><table><tr><td class=\"gutter\"><pre>1\n</pre></td><td class=\"code\"><pre>su<span class=\"operator\"><span class=\"keyword\">do</span> port uninstall name\n</pre></td></tr></table></figure>\n查看有更新的软件以及版本\n<figure class=\"highlight\"><table><tr><td class=\"gutter\"><pre>1\n</pre></td><td class=\"code\"><pre><span class=\"title\">port</span> outdated\n</pre></td></tr></table></figure>\n升级可以更新的软件\n<figure class=\"highlight\"><table><tr><td class=\"gutter\"><pre>1\n</pre></td><td class=\"code\"><pre>su<span class=\"operator\"><span class=\"keyword\">do</span> port upgrade outdated\n</pre></td></tr></table></figure>","excerpt":136,"source":"_posts/2012-08-12-1344700800.md","slug":"1344700800","ctime":"2013-07-04T02:23:45.000Z","mtime":"2013-07-04T02:23:45.000Z"},"44":{"id":0,"title":"忌讳","date":"2012-10-11T13:52:00.000Z","updated":"2013-07-04T03:03:00.000Z","categories":[],"tags":[5],"comments":true,"layout":"post","content":"<p>用鄙夷的语气评论别人，<br>站在自己的角度去考虑，  <a name=\"more\"></a>\n冲动永远是魔鬼，<br>不去聆听别人，<br>给自己找借口，<br>懒与不能坚持，<br>思维上畏惧。</p>\n","excerpt":31,"source":"_posts/2012-10-11-1349884800.md","slug":"1349884800","ctime":"2013-07-04T03:03:00.000Z","mtime":"2013-07-04T03:03:00.000Z"},"45":{"id":0,"title":"在Mac上安装Linux必须提前了解的知识","date":"2012-11-15T05:30:00.000Z","updated":"2013-07-04T03:02:41.000Z","categories":[],"tags":[2],"comments":true,"layout":"post","content":"<p>首先，尽管苹果已经改用 intel 的芯片，但是硬件上和 PC 还有一个重要的差别，就是苹果并没有 BIOS。苹果已经使用了 EFI，而 PC 还停留在老掉牙的 BIOS。 Ubuntu/Windows 还是需要 BIOS 的，于是苹果在 EFI 的固件里模拟了一个 BIOS 来照顾后进的 Windows。boot camp 出来之前的机器，需要下载安装 EFI 的固件更新来制造这个假 BIOS，现在卖的机器都已经是现成的了。<a name=\"more\"></a>这个假 BIOS 基本上能很好地工作，但是功能十分简单，最大的问题是它不支持从外置硬盘启动需要 BIOS 的操作系统，这基本上就是说你能从外置硬盘启动的操作系统只有 Mac OS X，（他是从 EFI 启动的）如果要从外置硬盘启动 ubuntu，你必须把 GRUB 留在内置硬盘里。也许某一天苹果会发布 EFI 的固件更新程序来增强这个假 BIOS 的功能，也许永远也不会，因为 Linux/Windows 应该在不久的将来也要转向 EFI. 对于 Linux 来说，\n等到 grub2 发布的时候，就能直接从 EFI 来启动了。长角牛曾经许诺说要支持 EFI, 但是到了 vista 发布的时候并没有实现这个功能。</p>\n<p>其次，苹果和 PC 还有一个重大不同，就是磁盘分区。苹果的分区表已经是 GPT，他可以有最多 128 个分区。而 PC 的分区表大多还是老式的 MBR 分区表，最多可以有 4 个主分区。为了在苹果上装 windows/linux，苹果可以把这个磁盘做成既有 GPT 分区表，同时又有 MBR 分区表，就是所谓的 GPT/MBR hybrid。事实上只要磁盘上存在一个 FAT32/NTFS 分区，苹果就会自动生成一个 MBR 分区表，分区表的内容是 GPT 表里的头四个分区。一个 GPT 磁盘里是不存在 MBR 式磁盘的扩展分区和逻辑分区的，就是说他的 MBR 表里只能有四个分区，全部是主分区。第五个分区之后的部分，在 MBR 表里看不到，显示为未使用空间。而第一个分区 (系统自动生成，200 兆的隐藏小分区) 已经被 EFI 征用，是动不得的。因此 windows 最多只能有 3 个分区。Vista 曾经号称会支持 GPT, 结果也是还没有实现。Linux 完全知道如何使用 GPT 磁盘，可以把 linux 分区放在第五个以后，把前面的都留给 windows。目前唯一的障碍是 grub 还只认得 MBR 分区表。在 grub2 出来以后就可以使用纯粹的 GPT 磁盘了。当然你也可以开个小小的历史倒车，把磁盘变成纯粹的 MBR 磁盘，继续使用扩展分区和逻辑盘符，但是有两个问题, 一个是不能重装 Mac OS X, OS X 安装后可以运行在 MBR 磁盘上，但是安装的时候只认 GPT，你只好把整个磁盘抹掉。当然如果你不要 OS X，单装 ubuntu 是没有问题的。另一个是不能做 EFI 固件更新。</p>\n<p>这种 GPT/MBR 的混杂有时候是很讨厌的，你必须确保两个分区表是一致的，因为虽然分区表有两套，数据却只可能有一份，每一个分区在两套分区表里的起始和终点应该一样，类型也应当一致。所以永远不要在 windows 底下做有关分区的操作，比如用 partition magic 之类的软件，他改了 MBR 分区表而 GPT 表没动，结果就乱了。应该在 OS X 底下用苹果的磁盘工具，他会同时照顾好 GPT 和 MBR。Ubuntu 7.10 可以很好地对付 GPT/MBR 混合磁盘，不幸的是如果你在 8.04 底下修改分区的话他只要发现 GPT 分区表存在就会把 MBR 表干掉，好像不能容忍他们同时存在似的，可惜 grub 又需要 MBR 分区表，结果是很多人安装完 8.04 后就发现 ubuntu 启动不了，而且 windows 也同时启动不了了。如果遇到这个情况，不要紧张，只要在 OS X 底下把 MBR 分区表从 GPT 表里抄写过来就可以了，就是做一个所谓 GPT/MBR 同步，重建 MBR 分区表。这个问题已经被列为 8.04 的 bug，应该在下一个发行版里就不会再出现了。</p>\n<p>除此之外，英特尔心的苹果和其它 PC 应该没有什么本质上的区别了。总结就是，Mac 和 PC 的两个小差别基本是 Mac 超前而 PC 落后一点的差别。EFI/GPT 也是 PC 明天的方向。而今天为了兼容旧的东西会有一点点小麻烦但只要你有这些背景的了解就都可以避免。</p>\n<p>来源：<a href=\"http://www.linuxdiyf.com/viewarticle.php?id=109212\"><a href=\"http://www.linuxdiyf.com/viewarticle.php?id=109212\">http://www.linuxdiyf.com/viewarticle.php?id=109212</a></a></p>\n","excerpt":218,"source":"_posts/2012-11-15-1352908800.md","slug":"1352908800","ctime":"2013-07-04T03:02:41.000Z","mtime":"2013-07-04T03:02:41.000Z"},"46":{"id":0,"title":"GitHub Blog 搭建","date":"2013-04-16T15:08:00.000Z","updated":"2013-07-04T03:06:51.000Z","categories":[],"tags":[4],"comments":true,"layout":"post","content":"<h5>GitHub Blog 搭建参考</h5>\n<p><a href=\"http://imwuyu.me/talk-about/octopress-deploying-to-github-pages.html\">博客：基于 Octopress－ Github 篇</a></p>\n<p><a href=\"http://ishalou.com/blog/2012/10/15/how-to-use-octopress\">使用 Octopress + Github 管理 blog </a>\n<a name=\"more\"></a></p>\n<!-- [像写程序一样写博客：搭建基于 github 的博客](http://blog.devtang.com/blog/2012/02/10/setup-blog-based-on-github) \n\n[我的 Octopress 配置](http://www.yanjiuyanjiu.com/blog/20130402/)\n\n[Octopress 设置与增加微博的侧边栏](http://clark1231.iteye.com/blog/1553939)\n\n[幫你的 Octopress 增加文章分類](http://clark1231.iteye.com/blog/1565853)\n\n[Sublime Text 2 文章汇总](http://clark1231.iteye.com/blog/1520695)\n\n[利用 Jekyll 搭建个人博客](http://www.mceiba.com/develop/jekyll-introduction.html) \n\n[第一篇博客: 用 OCTOPRESS 搭建博客系统](http://tchen.me/posts/2012-12-16-first-blog.html)\n\n[GitHub Pages here](https://help.github.com/categories/20/articles) -->\n\n<p><a href=\"http://imwuyu.me/talk-about/cool-iterm2.html\">打造好用的终端</a></p>\n<p><a href=\"http://imwuyu.me/talk-about/markdown-syntax-memo.html\">Markdown: 语法备忘</a></p>\n","excerpt":246,"source":"_posts/2013-04-16-1366041600.md","slug":"1366041600","ctime":"2013-07-04T03:06:51.000Z","mtime":"2013-07-04T03:06:51.000Z"},"47":{"id":0,"title":"a","date":"2013-07-04T03:10:57.000Z","updated":"2013-07-04T03:10:57.000Z","categories":[],"tags":[],"comments":true,"layout":"post","content":"","excerpt":0,"source":"_posts/2013-05-12-1368288000.md","slug":"1368288000","ctime":"2013-07-04T03:10:57.000Z","mtime":"2013-07-04T03:10:57.000Z"},"48":{"id":0,"title":"修炼","date":"2013-05-23T15:50:00.000Z","updated":"2013-07-04T03:02:00.000Z","categories":[],"tags":[5],"comments":true,"layout":"post","content":"<p>别跟我谈事业，先把工作做好。<br>别跟我说理想，先把饭碗端好。<br>志不可天天立，道必须日日修。<br><a name=\"more\"></a>\n没有实力，一切皆为妄谈。<br>修炼是硬道理。</p>\n","excerpt":57,"source":"_posts/2013-05-23-1368806400.md","slug":"1368806400","ctime":"2013-07-04T03:02:00.000Z","mtime":"2013-07-04T03:02:00.000Z"},"49":{"id":0,"title":"hexo","date":"2013-05-24T08:18:35.000Z","updated":"2013-07-04T03:01:58.000Z","categories":[],"tags":[4],"comments":true,"layout":"post","content":"<p>生活中，处处都是折腾。抛弃 Octopress，转到 <a href=\"http://zespia.tw/hexo/\">hexo</a>。<br>相比 Octopress，<a href=\"http://zespia.tw/hexo/\">hexo</a>不管是安装还是使用，都很简单。 官网的文档也很详细。<a href=\"http://zespia.tw/hexo/\"><a href=\"http://zespia.tw/hexo\">http://zespia.tw/hexo</a></a>\n<a name=\"more\"></a></p>\n<p>试用了下，除了默认的主题不太漂亮，其他都还满意。</p>\n","excerpt":251,"source":"_posts/2013-05-24-1369324800.md","slug":"1369324800","ctime":"2013-07-04T03:01:58.000Z","mtime":"2013-07-04T03:01:58.000Z"},"50":{"id":0,"title":"“移动互联网上最终没有在线或不在线的问题……","date":"2013-05-27T15:47:28.000Z","updated":"2013-07-04T03:01:56.000Z","categories":[],"tags":[3],"comments":true,"layout":"post","content":"<p>“移动互联网上最终没有在线或不在线的问题，所有的产品都是“同步”的。”<br>                          ———— <a href=\"http://www.chengxuyuans.com/it_industry/61372.html\">手机 QQ 更新的背后：高估用户适应力</a></p>\n<p>腾讯的移动互联网，真的就是这么个趋势？或者说，移动互联网，就是这个未来？参不太透……</p>\n","excerpt":212,"source":"_posts/2013-05-27-1369584000.md","slug":"1369584000","ctime":"2013-07-04T03:01:56.000Z","mtime":"2013-07-04T03:01:56.000Z"},"51":{"id":0,"title":"GTD 【读书笔记】","date":"2013-06-03T04:19:56.000Z","updated":"2013-07-04T03:01:54.000Z","categories":[],"tags":[1],"comments":true,"layout":"post","content":"<p>GTD 与拖延症</p>\n<p><a href=\"http://www.gtdlife.com\">GTD 参考博客</a></p>\n","excerpt":69,"source":"_posts/2013-06-03-1370188800.md","slug":"1370188800","ctime":"2013-07-04T03:01:54.000Z","mtime":"2013-07-04T03:01:54.000Z"},"52":{"id":0,"title":"编程高手与调试高手 【读书笔记】","date":"2013-06-08T10:08:23.000Z","updated":"2013-07-04T03:01:51.000Z","categories":[],"tags":[1],"comments":true,"layout":"post","content":"<p>业界总是有高手之说，高手成了程序员心中之偶像，成了程序员成长之目标。但是，现实中人们往往对自己所了解的程序员，很难认同为高手；人们反而对那些自己不了解的，甚至是道听途说的人会认作为高手了。高手，同武林高手一样，神秘之至。\n<a name=\"more\"></a>\n　　许多程序员都有这样的经历：无论自己编写什么很短很短的程序，一般是很难一次就能通过编译的；通过编译的其功能还不一定是正确的。我在很早就注意这样现象了，开始的时候，我还不信这个邪，还试着编写程序看看自己能否一次能否编译成功，为这个事还和别人打过赌呢！这当然是年轻时做过的事了。后来我渐渐明白了，编程出错是编程的一个重要的部分！出错是正常的，不出错才是不正常的。出错怎么办？当然是改错啦！不知道错在什么地方怎么办？当然是调试啦！调试于是和编程相依相伴了。程序员不但要会编写程序，还要会调试程序。</p>\n<p>　　程序出错一般有：未定义、语法、运行出错三个方面。</p>\n<h3>未定义</h3>\n<p>　　未定义往往是程序员的忽略定义或定义后名称与定义不一致造成的。</p>\n<p>　　要避免忽略定义这个问题，程序员首先要养成严谨工作的习惯：“先定义，后使用”。\n解决定义名字与使用名字不一致问题，程序员在对函数名、变量名、文件名、数据库名、表名、字段名定义的时候，不要信手拈来，象不花钱似的任意取名。一定要定下心来慢慢地斟酌，这个名字自己不但要能懂能记得，别人一看也要能懂能记得。程序员可以假设自己定义一个变量就要花出去 100 元钱，如果别人看不懂就要另外支付 200 元。有了这种名字的“有偿使用”，这样程序员就不可能乱取名了。长此以往，在使用这些名字的时候程序员就会有行云流水感觉，而且很少出错。</p>\n<h3>语法问题</h3>\n<p>　　新手编程走一步一个跟头，走两步两个跟头，主要是对语言的语法不熟悉，丢三拉四，关键字拚错等。这种情况不可怕，多看看语法说明，多改改程序就会对语法越来越熟悉了。</p>\n<p>　　老程序员语法问题出现较少。但是，很多情况下程序员在使用新语言编程序的时候，会采用老语言的语法，反之亦然，导致出错。例如，某人先使用 C 语言，后使用 VFP。当用 VFP 编程的时候，往往习惯性地在语句后面加上“；”，这导致 VFP 语法出错。当熟悉 VFP 后，再编写 C 语言的时候，往往在语句后面忘记加上“；”，导致 C 语言语法出错。类似常见问题如：IF 语句后面表达式是否要加“（）”等，for 语句，while 语句，case 语句在不同的语言的语法都有可能不同。另外，不同数据库中的 SELECT 、INSERT、语法都有一些不同处，这些不同之处，往往让程序员不知所措，老是要停下来思考一下，现在用的是什么语言用的是什么语法。</p>\n<h3>运行问题</h3>\n<p>　　定义、语法这些都是显式出错，相对好解决。但是运行中出现错误就五花八门了，我试着归纳一下：\n　　运行中程序突然中断了并退出了。往往是内存出错！可查变量、指针是否越界，指针是否为空等、例外没有处理。\n环境问题。例如，数据库密码错导致数据库打开不了、要打开的文件不存在、参数定义错，参数表为空，参数表没有缺省值等。</p>\n<p>程序的输出的不是自己的预期结果。往往是程序逻辑和算法存在问题。<br>程序不停地运行没有停止的迹象。查一下循环的条件表达式是否永真、导致死循环。<br>程序无法退出。程序乱了，导致内存错，覆盖了退出指令！<br>程序运行了很长时间才出现了错误。累计误差、数据原因造成的错误等。  </p>\n<p>　　出错是必然的，如何找出错误，有些人编写 C 语言的人只会用在可能出错的语言前后，通过显示语句 print 来判别出错的原因。他们不懂 debug、 sdb、 dbx 等调试工具，来调试程序，他们会编不会调。我们很难想象不会调试的程序员是如何编程的，调试对于程序员如此重要，以致于可导致出“不会调试的程序员就不是程序员”的结论。</p>\n<p>　　现在的开发语言具有功能丰富的调试命令。无论用什么设计语言调试，你只要注意掌握以下几个命令或操作，就能入门调试了：</p>\n<p>运行程序<br>设置断点、取消断点<br>运行到断点<br>单步跟踪（setp into）<br>单步执行（step over）<br>显示变量、对象、源程序<br>退出调试  </p>\n<p>你可以按此去寻找相应的命令和操作，并熟记于心中！此法必有大用。</p>\n<p>　　通过调试，程序员可以学会如何运用断点、如何最快地找到可疑语句，如何很迅速地找到问题所在从而改进程序。而不断地调试，使得程序员不停进行调试操作，变成了操作高手。调试内容可以说千变万化，技巧也多多，关键看程序员的积累。例如，循环语句调试的技巧、同步异步调试的技巧、中断调试技巧、外设调试技巧、数据库调试技巧、边界调试技巧、例外调试技巧、屏蔽法调试技巧、替代法调试技巧、接口调试技巧等等。</p>\n<p>　　调试象开车一样，不会开的时候，程序员有恐惧感，会开了以后，程序员特别想调，开多了，程序员越发老练，调试操作越来越快、对问题发生的原因和纠正方法也熟记于心中，技巧也油然而生，积累越来越多。</p>\n<p>　　好的程序员不但调试自己的程序，而且会帮助其他程序员解决调不出来的程序的问题。程序员在帮助别人的时候，更能尽显调试才华，成为真正的调试高手。</p>\n<p>　　调试总的目标是为了纠正程序的错误。但是，调试也可用于其他的用途。例如，我经常会先把函数的调用语句给写好，但是不写函数体，这样每次编译都会出现函数没有发现的提示。我不写函数体的目的，就是让每次编译的时候提示我还有多少函数没有编写。让我对这个函数加深印象，给我有时间思考这个函数如何编写。当其他语句编写完后，我再一个一个把没有编写的函数内容补上，这个时候编写就快的多了。有的时候，我还喜欢看到几十条上百条的出错提示，然后，我感觉于一个改错就能消灭几十个错误的快感之中，然后再改再调，直到无错。调试成了我娱乐编程的一部分。</p>\n<p>　　通过调试你也会发现：编程水平直接影响到调试。如果程序很具有模块性，调试起来就很快，几个或十几个单步执行就会到达程序的任何地方，如果程序本身逻辑性不强，变量命名不准确、一个函数内语句有数十条数百条，那你几百个单步执行都到达不了你想要达到的地方，程序调试起来就会很麻烦，而且不容易定位出错的地方。所以调试高手往往会改进自己的编程，使得编程水平日益提高，成为编程高手。</p>\n<p>来源：<a href=\"http://kb.cnblogs.com/page/145911/\"><a href=\"http://kb.cnblogs.com/page/145911/\">http://kb.cnblogs.com/page/145911/</a></a></p>\n","excerpt":114,"source":"_posts/2013-06-08-1370620800.md","slug":"1370620800","ctime":"2013-07-04T03:01:51.000Z","mtime":"2013-07-04T03:01:51.000Z"},"53":{"id":0,"title":"俄罗斯方块 【读书笔记】","date":"2013-06-27T08:33:36.000Z","updated":"2013-07-04T03:01:31.000Z","categories":[],"tags":[1],"comments":true,"layout":"post","content":"<p>犯下的错误会积累，获得的成功会消失。<br>俄罗斯方块教给我们的道理果然没错……</p>\n","excerpt":48,"source":"_posts/2013-06-27-1372262400.md","slug":"1372262400","ctime":"2013-07-04T03:01:31.000Z","mtime":"2013-07-04T03:01:31.000Z"},"54":{"id":0,"title":"修改 iPhone Simulator Applications 位置","date":"2013-06-19T08:37:08.000Z","updated":"2013-07-04T03:01:34.000Z","categories":[],"tags":[2],"comments":true,"layout":"post","content":"<p>Mac 盘太小，硬盘寿命有限。对一些下载类或资源较大应用暴力测试阶段，总是很心疼。想到把模拟器的 Applications 位置改到 HDD，苦于 Xcode 无相关设置项，今天心血来潮，用 ln 试一下，还真可以，linux 学的不好啊，不然早解决问题了。<br><a name=\"more\"></a></p>\n<figure class=\"highlight\"><table><tr><td class=\"gutter\"><pre>1\n</pre></td><td class=\"code\"><pre>ln -s /Volumes/HDD/ios/DerivedData/Simulator /Users/bill/Library/Application<span class=\"command\">\\ </span>Support/iPhone<span class=\"command\">\\ </span>Simulator/6.1/Applications\n</pre></td></tr></table></figure>","excerpt":136,"source":"_posts/2013-06-19-1371495015.md","slug":"1371495015","ctime":"2013-07-04T03:01:34.000Z","mtime":"2013-07-04T03:01:34.000Z"},"56":{"id":0,"title":"先要好代码？还是好产品？【读书笔记】","date":"2013-06-28T15:36:40.000Z","updated":"2013-07-04T03:06:04.000Z","categories":[],"tags":[1],"comments":true,"layout":"post","content":"<p>我想表达的是一个先后顺序的问题，并非是重要程度。<br>好的产品能让技术重要起来。做项目，特别是创业项目，实现好的点子总是一件令人抓狂的事情。明明非常有经验，为什么还是总延期呢？看上去没有技术难度，却很容易陷入到实现细节中出不来呢。<a name=\"more\"></a>这几天想了很多，基本上笔者总是遇到下面一个循环：</p>\n<p>1. 关于某个功能，有了一个好点子<br>2. 开始实现，但是很快发现在细节上要做的东西貌似比较多<br>3. 于是开始设计复杂的对象关系和结构，希望通过代码把它们管理起来. “以后好扩展”(很多人的口头禅)<br>4. 但是…发现点子需要调整， 设计上有变化。<br>5. 发现明明只是小调整， 却要改很多地方， 大量的”以后好扩展”的设计完全用不上了?<br>6. 直接重新开始写代码， 但是不知不觉又慢慢滑入步骤 3 的流程中.  </p>\n<p>这个循环，很明显会浪费掉宝贵的时间。如果是创业的小团队，更是耗不起，但是为什么会这样呢？直观的看：这是过度设计。但是这个错误背后，我觉得有一个更大的错误：在好产品还不存在的情况下，就开始追求好代码。</p>\n<p>这是一个错误吗? 我想很多人可能不会同意。 但是仔细想一下， 它很有可能是！ 特别是在时间紧迫的情况下。 我的理解是这样：好代码的用处不是为了自娱自乐, 而是为了方便修改, 应对变化.  但这一切都有赖于产品细节的支撑, 可惜的是, 初创的产品细节可以认为是最不稳定的.  没有它们做支撑. 强求好代码,  结果多半是一些设计模式 / 经验模式的堆砌.  写起来很爽,  过期得更快. 毕竟我们人类的智力是总结经验， 而不是预测未来。</p>\n<p>结论： 对于创业的团队来说, 最重要的东西不一定是最优先的，就算技术是核心竞争力，代码虽然重要，但是必须得先有好产品，等产品相对靠谱了，再仔细设计你的技术架构吧！</p>\n<p>来源：<a href=\"http://www.cnblogs.com/baoz/archive/2011/12/01/2270332.html\"><a href=\"http://www.cnblogs.com/baoz/archive/2011/12/01/2270332.html\">http://www.cnblogs.com/baoz/archive/2011/12/01/2270332.html</a></a></p>\n","excerpt":119,"source":"_posts/2013-06-28-1372865915.md","slug":"1372865915","ctime":"2013-07-04T03:06:04.000Z","mtime":"2013-07-04T03:06:04.000Z"},"64":{"id":0,"title":"程序员如何成功的假装在很努力的工作 【读书笔记】","date":"2013-06-13T15:01:13.000Z","updated":"2013-07-04T03:01:48.000Z","categories":[],"tags":[1],"comments":true,"layout":"post","content":"<p>这篇文章要讲的是程序员如何假装在很努力的工作。<br>有两种完全不同的动机会促使一个程序员做这种假装：\n<a name=\"more\"></a>\n第一种，你是个懒货——想不劳而获。如果你是这种人，我和你同事都会鄙视你。你不需要看下面的内容了。这篇文章完全不是为你写的！</p>\n<p>第二种，你有太多的事情要做，而你需要抽出时间去思考和学习。大多数的公司里，经理们或负责人资管理的人都忽略了程序员是脑力工作者、不是做苦力的。</p>\n<p>他们通常会有这样的观点，程序员应该全部上班时间都在努力工作。但是，我们是要思考的人，我们需要时间整理思路，学习新的知识，提高自己，成为一个更好的程序员。</p>\n<p>如果你是属于这类人，你需要阅读下面的技巧，它们能帮助你从繁重的工作中偷出思考和学习的时间。</p>\n<h3>努力工作，给人一个良好的第一印象</h3>\n<p>这个听起来似乎是让人不解。这句话中最关键的一个词是第一印象。假设你新加入到一个团队，你的老板和你的同事将会对你第一天或第一周的表现有个评价，大概感觉出你是一个什么样的程序员。</p>\n<p>你给人的这种主观印象越好，往后的几个月甚至几年里你就会有更多的自由。一开始就努力工作，显示你的优秀技术水平，这绝对是会获得丰厚回报的付出。如果能在你的蠢老板或同事遇到无法解决的问题时出手相救，那是再好不过了。</p>\n<h3>在团队中不要太冒尖</h3>\n<p>要小心，不要在团队中显得太优异，适当低调。你可以显示出开发速度很快，但不能太快。老板会很快的习惯你的工作效率，会给你安排越来越多的工作。</p>\n<p>这种做法看起来和你的初衷背道而驰，你希望能有更多的空余时间做更重要的事，但事与愿违，所以要有策略。而且这样做也避免了让你的同事显得太蠢、太慢。所以，不要干的太快，但要干好，要按时完成。</p>\n<h3>让代码很好维护</h3>\n<p>你应该写出最优秀的代码，让代码维护起来很容易。在一项工作上你干的时间越长，代码可维护性将越严重的影响你的个人工作效率。</p>\n<p>不要忘了，“任何花在调试 bug 上时间都是浪费掉的时间！”代码中的 bug 会让你实现新功能的速度变得越来越慢，你的压力会越来越大。好的设计和写一些简单文档都会日后节省你的时间。自动化你的日常重复工作。写自动化测试。</p>\n<h3>创造良好的人际网络</h3>\n<p>善于从别人那吸取知识。你的人际关系越好，你遇到问题时解决方法就越多。公司常规的工作流程只是为普通问题准备的。</p>\n<p>当遇到棘手的问题时，你需要有人来帮助你。如果别人不喜欢跟你一起工作，他们就不会帮助你。所以，平时多取悦一下周围的人是十分重要的。</p>\n<h3>总结</h3>\n<p>还有很多其它十分有用的技巧能让你从繁忙的工作中获得更多的自由。但最重要的一条是：一旦工作，那就要努力的干，聪明的干，快速的干——用省下来的时间干自己喜欢干的事情。</p>\n<p>记住，你的知识越丰富，你就能越好的解决问题 / 创造价值。我们是脑力劳动者。我们提高个人的能力，公司也会因此受益。</p>\n<p>来源：<a href=\"http://www.aqee.net/how-to-successfully-pretend-to-work-hard-as-software-developer/\"><a href=\"http://www.aqee.net/how-to-successfully-pretend-to-work-hard-as-software-developer/\">http://www.aqee.net/how-to-successfully-pretend-to-work-hard-as-software-developer/</a></a></p>\n","excerpt":55,"source":"_posts/2013-06-13-1371028018.md","slug":"1371028018","ctime":"2013-07-04T03:01:48.000Z","mtime":"2013-07-04T03:01:48.000Z"},"66":{"id":0,"title":"你的老板会因为你拼命编写代码而感谢你吗？ 【读书笔记】","date":"2013-06-15T15:08:20.000Z","updated":"2013-07-04T03:01:45.000Z","categories":[],"tags":[1],"comments":true,"layout":"post","content":"<p>程序员热衷于长时间地工作。我想说的是，你就承认吧，你的工作 / 老板并没有让你这样做，你自己要这样做而已。当然，我知道，也许并非所有程序员都喜欢长时间的编程。不过肯定的是，随着加班成为业内的普遍现象，至少一半的程序员必须喜欢加班，不是吗？<a name=\"more\"></a></p>\n<p>我早已听到以下这类借口。“不，不是那样的，我们只是喜欢炫酷的技术活，而且不想遗留未解决的问题。实际上，加班是一件好事，它让我们变得出色！”</p>\n<p>我认为，你不能只见树木，不见森林。从某个角度来说，你这样做并非为了自己，而是为了“某个人”。无须质疑，他也许是个高尚的人，但你并不是他的奴隶。从其他角度来说，你有多少次加班，是为了解决问题，研究新技术，编码实现某些东西，以及在截止时间之前完成任务？但是，你在业务上是机智过人的程序开发者，你在帮助公司获得成功。公司管理者已经向你说明了公司的经济状况——必须这样做，公司依靠你。我想说的是，除非这个管理者现在就在你旁边，半夜 2 点还在陪你聊天，否则他的话将一文不值。</p>\n<p>让我来讲述一个朋友曾经跟我说过的故事。这个故事是关于一个天才程序员的，姑且叫他 John 吧。</p>\n<p>John 是一个百万程序员当中才出现一个的超级明星。他理解和编写代码的能力高超，工作效率是其他任何人的 20 倍。有一天，公司拿到了一项短交期的大项目。客户提供了一本厚得让所有人沮丧的规格说明书。John 出手相助，他把说明书带回家，此后三天没有人有关于他的消息。他回来上班的时候，样子十分憔悴，但他看懂了整本说明书并完成了项目的基本框架。除了一小部分不可能完成之外，说明书的其余部分，甚至连客户自己也不甚了解的需求，John 也完成了。真让人吃惊！</p>\n<p>当我第一次听说这个故事时，感受颇深，我问了第一个问题“那 john 现在何处？”我朋友回答——“他死了，生活太艰难了！”或许用编程过劳死来形容更加合适。这个故事令人意外的是——John 才 30 岁而已。</p>\n<p>程序员从分享死亡竞赛故事来获得反常的快乐。甚至当我们带着厌恶的情绪去这样做的时候，这种厌恶也带着一丝得意，以此怂恿同事去做得“更好”。但这有点像那些穿着短裤的家伙，他们的短裤短到你都看得到他们的内裤；也有点像一些把抽烟当时尚的人，他们和他们的朋友觉得这很酷，其他人却觉得愚蠢。</p>\n<p>使糟糕的情况更糟</p>\n<p>我可以理解偶尔付出一些额外努力以及一两天加班到半夜的必要性。但是，当偶尔变成经常，当老板不再因为你的努力而经常感谢你，而是习以为常时，我们就遇到了麻烦。老板希望程序员经常加班，这不仅是你的悲哀，也是整个行业的。人类就像狗一样，非常容易受到正面和负面强化的影响。整个行业的发展受到长年因过度加班而死亡的悲剧影响，直到某个阶段，在那个阶段甚至还奖励这种行为。我们每次陷入长时间的争论中，都持续消极地加剧了这种趋势。</p>\n<p>这不能帮助我们管理团队。你只需要让一个人做主，其他人遵守。内疚带来平等——“我们不能让我们的伙伴独自去做困难的事情，我们得帮帮忙”。遵守的人越多，那些抛下同伴的人压力就会越大，直到整个团队半夜里聚在一起喝可乐，吃披萨。但他们如何容纳一个同样的人进入他们的世界，因为在这里也有一个因特立独行而著名的程序员。当我们还是学生时，我们乐于把所有事情都推给某个人处理，然后在校内做我们想要做的事；但当我们走上工作岗位时，一切都要靠我们自己。真让人困惑。</p>\n<p>有趣的是，有时候这些大量的努力甚至并没有得到正常合理的追踪记录，好像它反而让项目看起来很糟糕一样。所以他们“作假帐”，正如客户只关心每个人每周工作 40 小时（或者他们拿的是 40 个小时的工资），也许还会关心项目在目前的进度，但他们从不在意小组每个成员花费在项目上的另外 40 个小时。好吧，或许他们会在“第二套假账”中追踪记录的团队成员的真正努力。虽然会计会因为此类造假而锒铛入狱，但在 IT 业内，没有人会反对这种造假的要求。</p>\n<p>可接受的进度成果</p>\n<p>大多数敏捷开发过程都会就可接受的开发进度进行讨论。不过，我也见过有些甚至自认为灵活的团队会花几个小时的时间坐下来一起讨论交流如何让程序更加高效合理，等等，你懂的。尽管团队成员的思维依旧敏捷，你却不敢说出其他东西。</p>\n<p>每当我想起这东西，我总想到律师。你就像一个刚入门的律师，付出了大量的努力和时间，这是你在这个行业中获得成功的常规途径。没有一个程序员想要跟律师做比较，但情况经常很相似，除非你不希望跟程序开发人员一样通过长时间的加班取得进步（就跟律师一样，除非你在 4 大咨询公司打工，也可以成为一名律师）。所以，律师跟程序员，哪个是呆子？</p>\n<p>关于一周工作时间超过 40 小时导致生产力下降的研究呈现出令人不安的规律性。作为程序员，如果你的创造力下降了，你的失误就会增加，你就会遗漏现存的问题，等等；直到到达某个阶段，这个阶段中，你做错的东西比做对的东西还要多。当你花了很多的时间在同样的活动中时，我是否应该特别提到健康问题。关于饮食，你只能靠可乐存活很长一段时间——可怜的 John 甚至活下来不到 40 小时。</p>\n<p>你现在能清楚我在反对长时间的工作和面临死亡威胁的行军了吗？你的睡眠时间和睡眠质量达标了吗？或许最近某一天我会告诉你我如何收到叫醒电话（wake up call），这是一个有趣的故事。把猫赶在一起，很容易与在相同的方向下让程序员取得预期的成果这种情况相比较，这是我对我们的人（程序员）又爱又恨的地方。但我希望过段时候后，所有聪明的程序员要一个明确的立场，坚决消除十分糟糕和违背生产力的业内趋势之一。正如我所提到的，聪明的程序员不喜欢长时间工作，也不会因为迫于压力而加班，他们把更多的时间用于享受生活。</p>\n<p>来源：<a href=\"http://blog.jobbole.com/893/\"><a href=\"http://blog.jobbole.com/893/\">http://blog.jobbole.com/893/</a></a></p>\n","excerpt":122,"source":"_posts/2013-06-15-1371223000.md","slug":"1371223000","ctime":"2013-07-04T03:01:45.000Z","mtime":"2013-07-04T03:01:45.000Z"},"_primary":67},"pages":{"1":{"title":"","date":"2013-05-24T06:41:16.000Z","updated":"2013-05-09T06:22:15.000Z","comments":true,"layout":"page","content":"<header>\n  <h2 class=\"entry-title\">Page not found! Go to the <a href=\"/\">front page</a></h2>\n  <p class=\"meta\">Sorry about that!</p>\n</header>","excerpt":142,"source":"404.html","path":"404.html","ctime":"2013-05-24T06:41:16.000Z","mtime":"2013-05-09T06:22:15.000Z"},"3":{"title":"","date":"2013-05-31T04:01:10.000Z","updated":"2013-05-09T06:22:15.000Z","comments":true,"layout":"page","content":"<header>\n  <h2 class=\"entry-title\">Page not found! Go to the <a href=\"/\">front page</a></h2>\n  <p class=\"meta\">Sorry about that!</p>\n</header>","excerpt":142,"source":"images/404.html","path":"images/404.html","ctime":"2013-05-31T04:01:10.000Z","mtime":"2013-05-09T06:22:15.000Z"},"_primary":4},"categories":{"_primary":1},"tags":{"1":{"name":"读书笔记","slug":"读书笔记","posts":[53,52,51,56,64,66]},"2":{"name":"Mac","slug":"Mac","posts":[54,47,43,42,41,39,45]},"3":{"name":"新闻","slug":"新闻","posts":[50]},"4":{"name":"blog","slug":"blog","posts":[49,46]},"5":{"name":"随手","slug":"随手","posts":[48,44]},"6":{"name":"Ma'c","slug":"Ma%27c","posts":[47]},"7":{"name":"Xcode","slug":"Xcode","posts":[40,36,31]},"8":{"name":"ios","slug":"ios","posts":[38,37,35,34,33,32]},"9":{"name":"Linux","slug":"Linux","posts":[37]},"_primary":10},"assets":{"1":{"source":"themes/light/source/fancybox/blank.gif","mtime":"2013-05-24T06:13:33.000Z"},"2":{"source":"themes/light/source/fancybox/fancybox_loading.gif","mtime":"2013-05-24T06:13:33.000Z"},"3":{"source":"themes/light/source/fancybox/fancybox_overlay.png","mtime":"2013-05-24T06:13:33.000Z"},"4":{"source":"themes/light/source/fancybox/fancybox_sprite.png","mtime":"2013-05-24T06:13:33.000Z"},"5":{"source":"themes/light/source/fancybox/jquery.fancybox.css","mtime":"2013-05-24T06:13:33.000Z"},"6":{"source":"themes/light/source/fancybox/jquery.fancybox.pack.js","mtime":"2013-05-24T06:13:33.000Z"},"7":{"source":"themes/light/source/js/gallery.js","mtime":"2013-05-24T06:13:33.000Z"},"8":{"source":"themes/light/source/js/jquery.imagesloaded.min.js","mtime":"2013-05-24T06:13:33.000Z"},"9":{"source":"themes/light/source/js/moment.min.js","mtime":"2013-05-24T06:13:33.000Z"},"10":{"source":"themes/light/source/js/twitter.js","mtime":"2013-05-24T06:13:33.000Z"},"11":{"source":"themes/light/source/css/style.styl","mtime":"2013-05-24T16:52:22.000Z"},"12":{"source":"themes/light/source/css/font/fontawesome-webfont.eot","mtime":"2013-05-24T06:13:33.000Z"},"13":{"source":"themes/light/source/css/font/fontawesome-webfont.svg","mtime":"2013-05-24T06:13:33.000Z"},"14":{"source":"themes/light/source/css/font/fontawesome-webfont.ttf","mtime":"2013-05-24T06:13:33.000Z"},"15":{"source":"themes/light/source/css/font/fontawesome-webfont.woff","mtime":"2013-05-24T06:13:33.000Z"},"16":{"source":"source/CNAME","mtime":"2013-06-28T09:28:03.000Z"},"17":{"source":"source/favicon.png","mtime":"2013-05-09T08:59:05.000Z"},"18":{"source":"source/images/address-api.jpeg","mtime":"2013-04-11T08:33:18.000Z"},"19":{"source":"source/images/show_mop.jpg","mtime":"2013-05-24T10:45:25.000Z"},"20":{"source":"source/images/address-api.jpg","mtime":"2013-05-24T10:45:25.000Z"},"21":{"source":"source/images/TEST.zip","mtime":"2013-05-28T10:16:50.000Z"},"22":{"source":"source/images/TEST.png","mtime":"2013-05-28T10:16:50.000Z"},"_primary":23}}